Title,Date
"La casa de papel: Parte 5: Vivir muchas vidas","3/9/21"
"La casa de papel: Parte 5: El final del camino","3/9/21"
"La casa de papel: Parte 5: Tu sitio en el cielo","3/9/21"
"La casa de papel: Parte 5: El espectáculo de la vida","3/9/21"
"La casa de papel: Parte 5: ¿Crees en la reencarnación?","3/9/21"
"Paternidad","28/8/21"
"La chica de al lado","28/8/21"
"The Witcher: La pesadilla del lobo","27/8/21"
"Instant Family","22/8/21"
"Okupas: Season 1: Adiós y buena suerte","21/8/21"
"Okupas: Season 1: Miguel","20/8/21"
"Okupas: Season 1: El guardián","20/8/21"
"Okupas: Season 1: El Pollo de Troya","20/8/21"
"Okupas: Season 1: Paranoia","20/8/21"
"Okupas: Season 1: Los Mantenidos","20/8/21"
"Okupas: Season 1: El mascapito","20/8/21"
"Okupas: Season 1: El beso de Judas","20/8/21"
"Okupas: Season 1: El Ojo Blindado","20/8/21"
"Okupas: Season 1: Bienvenidos al tren","20/8/21"
"Okupas: Season 1: Los cincos mandamientos","20/8/21"
"El Reino: Temporada 1: Por el bien de la república","16/8/21"
"El Reino: Temporada 1: La marca del demonio","16/8/21"
"El Reino: Temporada 1: El archivo Osorio","16/8/21"
"El Reino: Temporada 1: Bastardos","16/8/21"
"El Reino: Temporada 1: El círculo de baba","16/8/21"
"El Reino: Temporada 1: Expiación","16/8/21"
"El Reino: Temporada 1: Un hombre de Dios","15/8/21"
"El Reino: Temporada 1: Control de daños","15/8/21"
"El stand de los besos 3","15/8/21"
"Control Z: Temporada 2: La última venganza","10/8/21"
"Control Z: Temporada 2: Control Z","10/8/21"
"Control Z: Temporada 2: Un minuto de silencio","10/8/21"
"Control Z: Temporada 2: Nuevos placeres","10/8/21"
"Control Z: Temporada 2: Nada que esconder","10/8/21"
"Control Z: Temporada 2: Necesidades","9/8/21"
"Control Z: Temporada 2: No se puede enterrar el pasado","9/8/21"
"Control Z: Temporada 2: El Regreso","9/8/21"
"Escuela nocturna","3/8/21"
"How to Sell Drugs Online (Fast): Temporada 3: Todos tienen una segunda oportunidad","30/7/21"
"How to Sell Drugs Online (Fast): Temporada 3: Hagamos las paces","29/7/21"
"How to Sell Drugs Online (Fast): Temporada 3: Antes de que te vayas...","29/7/21"
"How to Sell Drugs Online (Fast): Temporada 3: ¿Merezco una condena?","29/7/21"
"How to Sell Drugs Online (Fast): Temporada 3: Un delito menor","29/7/21"
"How to Sell Drugs Online (Fast): Temporada 3: Un pequeño desliz","29/7/21"
"Sky Rojo: Temporada 2: Personas tóxicas","26/7/21"
"Sky Rojo: Temporada 2: Podridas y radiantes","26/7/21"
"Sky Rojo: Temporada 2: Langosta para los condenados","26/7/21"
"Sky Rojo: Temporada 2: La caja negra de las putas","26/7/21"
"Sky Rojo: Temporada 2: La noche que estuvimos muertas","26/7/21"
"Sky Rojo: Temporada 2: El miedo pesa diez mil toneladas","26/7/21"
"Sky Rojo: Temporada 2: El talento de los miserables","25/7/21"
"Sky Rojo: Temporada 2: Las putas no besaban en la boca","25/7/21"
"Rick y Morty: Temporada 1: Buscando las semillas","22/7/21"
"Sexo/Vida: Temporada 1: Este debe ser el lugar","20/7/21"
"Sexo/Vida: Temporada 1: Sábado por la noche en un pequeño pueblo","20/7/21"
"Sexo/Vida: Temporada 1: Un lugar que solo nosotros conocemos","20/7/21"
"Sexo/Vida: Temporada 1: El sonido de los suburbios","20/7/21"
"Sexo/Vida: Temporada 1: Nueva York, una nueva ciudad","19/7/21"
"Sexo/Vida: Temporada 1: Con el Empire State en la mente","19/7/21"
"Sexo/Vida: Temporada 1: En la estación del metro a medianoche","19/7/21"
"Sexo/Vida: Temporada 1: Las esposas están en Connecticut","19/7/21"
"Igor Grom contra el Doctor Peste","18/7/21"
"El marginal: Temporada 2: Capítulo 7","15/7/21"
"Cómo me convertí en superhéroe","11/7/21"
"Feliz día de tu muerte 2","9/7/21"
"Fatale","4/7/21"
"Bumblebee","20/6/21"
"Minecraft: Modo historia: Temporada 1: La Orden de la Piedra","19/6/21"
"Élite: Temporada 4: Antes de irme (2ª parte)","18/6/21"
"Élite: Temporada 4: Antes de irme (1ª parte)","18/6/21"
"Élite: Temporada 4: Te quiero mal","18/6/21"
"Élite: Temporada 4: La reinserción","18/6/21"
"Élite: Temporada 4: Soy una...","18/6/21"
"Élite: Temporada 4: Cuando bailan las mentiras con las tentaciones","18/6/21"
"Élite: Temporada 4: 5 segundos","18/6/21"
"Élite: Temporada 4: El nuevo orden","18/6/21"
"Black Summer: Temporada 2: Juego de cartas","17/6/21"
"Black Summer: Temporada 2: El frío","17/6/21"
"Élite historias breves: Nadia Guzmán: Temporada 1: Parte 3","17/6/21"
"Élite historias breves: Nadia Guzmán: Temporada 1: Parte 2","17/6/21"
"Élite historias breves: Nadia Guzmán: Temporada 1: Parte 1","17/6/21"
"Élite historias breves: Guzmán Caye Rebe: Temporada 1: Parte 3","17/6/21"
"Élite historias breves: Guzmán Caye Rebe: Temporada 1: Parte 2","17/6/21"
"Élite historias breves: Guzmán Caye Rebe: Temporada 1: Parte 1","17/6/21"
"Élite historias breves: Omar Ander Alexis: Temporada 1: Parte 1","17/6/21"
"Élite historias breves: Carla Samuel: Temporada 1: Parte 3","17/6/21"
"Élite historias breves: Carla Samuel: Temporada 1: Parte 2","17/6/21"
"Élite historias breves: Carla Samuel: Temporada 1: Parte 1","17/6/21"
"Lupin: Parte 2: Capítulo 10","12/6/21"
"Lupin: Parte 2: Capítulo 9","12/6/21"
"Lupin: Parte 2: Capítulo 8","12/6/21"
"Lupin: Parte 2: Capítulo 7","11/6/21"
"Lupin: Parte 2: Capítulo 6","11/6/21"
"El Orfanato","6/6/21"
"Lucifer: Temporada 5: Un posible final feliz","31/5/21"
"Lucifer: Temporada 5: ¿Así se termina todo?","31/5/21"
"Lucifer: Temporada 5: Nada es eterno","30/5/21"
"Lucifer: Temporada 5: Vigilancia inofensiva","30/5/21"
"Lucifer: Temporada 5: Daniel Espinoza, desnudo y aterrado","29/5/21"
"Lucifer: Temporada 5: ¡Por Dios!","29/5/21"
"Lucifer: Temporada 5: Karaoke celestial","29/5/21"
"Lucifer: Temporada 5: Cena en familia","28/5/21"
"El dinero, en pocas palabras: Miniserie: Préstamos estudiantiles","22/5/21"
"El ejército de los muertos","22/5/21"
"El dinero, en pocas palabras: Miniserie: Tarjetas de crédito","20/5/21"
"El dinero, en pocas palabras: Miniserie: Dinero rápido","20/5/21"
"¿Quién mató a Sara?: Temporada 2: Yo maté a Sara","20/5/21"
"¿Quién mató a Sara?: Temporada 2: Nunca fuimos amigos","20/5/21"
"¿Quién mató a Sara?: Temporada 2: Esto es personal","20/5/21"
"¿Quién mató a Sara?: Temporada 2: Los muertos hablan","20/5/21"
"¿Quién mató a Sara?: Temporada 2: Todo queda en tus manos","20/5/21"
"¿Quién mató a Sara?: Temporada 2: Derrumbe","20/5/21"
"¿Quién mató a Sara?: Temporada 2: Sangre en las manos","20/5/21"
"¿Quién mató a Sara?: Temporada 2: Las dos caras de Sara","20/5/21"
"El inocente: Miniserie: Episodio 1","9/5/21"
"El legado de Júpiter: Volumen 1: Cómo termina todo","9/5/21"
"El legado de Júpiter: Volumen 1: Todos para uno","9/5/21"
"El legado de Júpiter: Volumen 1: Cubran su rostro","9/5/21"
"El legado de Júpiter: Volumen 1: ¿De qué sirve?","8/5/21"
"El legado de Júpiter: Volumen 1: Papel y piedra","8/5/21"
"El legado de Júpiter: Volumen 1: Todos los demonios están aquí","8/5/21"
"El legado de Júpiter: Volumen 1: Tras las nubes, viene el sol","8/5/21"
"El legado de Júpiter: Volumen 1: Las primeras luces del amanecer","8/5/21"
"Flash: Temporada 4: Señales mixtas","3/5/21"
"Sexify: Temporada 1: Episodio 8","2/5/21"
"Sexify: Temporada 1: Episodio 7","2/5/21"
"Sexify: Temporada 1: Episodio 6","1/5/21"
"Sexify: Temporada 1: Episodio 5","1/5/21"
"Sexify: Temporada 1: Episodio 4","1/5/21"
"Sexify: Temporada 1: Episodio 1","1/5/21"
"Sexify: Temporada 1: Episodio 2","1/5/21"
"Sexify: Temporada 1: Episodio 3","1/5/21"
"Madame Curie","24/4/21"
"Gato con Botas","18/4/21"
"Amor y monstruos","15/4/21"
"Snowpiercer: Temporada 1: Primero, cambió el clima","15/4/21"
"Shrek: Para siempre el capítulo final","11/4/21"
"Shrek tercero","11/4/21"
"Shrek 2","10/4/21"
"Hasta el cielo","6/4/21"
"En busca de Bobby Fischer","5/4/21"
"Flash: Temporada 4: Flash renacido","4/4/21"
"¿Quién mató a Sara?: Temporada 1: Dos tumbas","1/4/21"
"¿Quién mató a Sara?: Temporada 1: Ver el mundo arder","1/4/21"
"¿Quién mató a Sara?: Temporada 1: Donde los sueños se hacen realidad","1/4/21"
"¿Quién mató a Sara?: Temporada 1: El miedo y la culpa","1/4/21"
"¿Quién mató a Sara?: Temporada 1: Cacería","1/4/21"
"¿Quién mató a Sara?: Temporada 1: Seguro de vida","1/4/21"
"¿Quién mató a Sara?: Temporada 1: El monstruo de la familia","1/4/21"
"¿Quién mató a Sara?: Temporada 1: Cariños, Sara","1/4/21"
"¿Quién mató a Sara?: Temporada 1: Gente mala","1/4/21"
"¿Quién mató a Sara?: Temporada 1: No fue un error","1/4/21"
"Snowpiercer: Temporada 2: Hacia lo desconocido","30/3/21"
"Snowpiercer: Temporada 2: El espectáculo debe continuar","30/3/21"
"Patrulla de cachorros: Temporada 4: Los cachorros salvan al pequeño pingüino / Los cachorros salvan el show gatuno","26/3/21"
"Patrulla de cachorros: Temporada 4: Los cachorros salvan el dirigible / Los cachorros salvan el concurso de ají","26/3/21"
"Sky Rojo: Temporada 1: Trampa de osos","22/3/21"
"Sky Rojo: Temporada 1: Pensar con la polla","21/3/21"
"Sky Rojo: Temporada 1: Liebres o zorras","21/3/21"
"Sky Rojo: Temporada 1: La evasión","21/3/21"
"Sky Rojo: Temporada 1: Polvo y sangre","21/3/21"
"Sky Rojo: Temporada 1: El amor de las putas","21/3/21"
"Sky Rojo: Temporada 1: La realidad paralela","20/3/21"
"Sky Rojo: Temporada 1: Sofá de escay rojo","20/3/21"
"Karate Kid","17/3/21"
"El empleado nocturno","16/3/21"
"Snowpiercer: Temporada 2: El eterno ingeniero","16/3/21"
"Hackers: Ningún sistema es seguro","12/3/21"
"Snowpiercer: Temporada 2: La respuesta para todo","9/3/21"
"Snowpiercer: Temporada 2: A muchas millas del Snowpiercer","2/3/21"
"Iron Man: Aventuras de hierro: Temporada 1: Iron, Forged in Fire: Parte 2","28/2/21"
"Iron Man: Aventuras de hierro: Temporada 1: Iron, Forged in Fire: Parte 1","28/2/21"
"Descuida, yo te cuido","24/2/21"
"Snowpiercer: Temporada 2: Mantén viva la esperanza","23/2/21"
"Snowpiercer: Temporada 2: Un único intercambio","16/2/21"
"The Crown: Temporada 4: En guerra","14/2/21"
"The Crown: Temporada 4: Avalancha","13/2/21"
"The Crown: Temporada 4: 48 contra 1","13/2/21"
"Snowpiercer: Temporada 2: Una gran odisea","9/2/21"
"Todos mis amigos están muertos","7/2/21"
"The Crown: Temporada 4: Lo que se hereda","3/2/21"
"The Crown: Temporada 4: Tierra de nadie","3/2/21"
"Snowpiercer: Temporada 2: Una vida ardiente","2/2/21"
"The Crown: Temporada 4: Michael Fagan, el intruso","31/1/21"
"The Crown: Temporada 4: El favorito","31/1/21"
"The Crown: Temporada 4: Cuento de hadas","31/1/21"
"The Crown: Temporada 4: El Balmoral","31/1/21"
"The Crown: Temporada 4: Protector de monarcas","30/1/21"
"The Crown: Temporada 3: Grito de amor","30/1/21"
"The Crown: Temporada 3: Enredo","30/1/21"
"Lupin: Parte 1: Capítulo 5","30/1/21"
"Lupin: Parte 1: Capítulo 4","30/1/21"
"Lupin: Parte 1: Capítulo 3","30/1/21"
"Lupin: Parte 1: Capítulo 2","30/1/21"
"Bajocero","30/1/21"
"Lupin: Parte 1: Capítulo 1","29/1/21"
"Snowpiercer: Temporada 2: La hora de los dos motores","26/1/21"
"Monzón: Temporada 1: Episodio 13","12/1/21"
"Monzón: Temporada 1: Episodio 12","12/1/21"
"Monzón: Temporada 1: Episodio 11","12/1/21"
"Monzón: Temporada 1: Episodio 10","12/1/21"
"Monzón: Temporada 1: Episodio 9","11/1/21"
"Monzón: Temporada 1: Episodio 8","11/1/21"
"Monzón: Temporada 1: Episodio 7","11/1/21"
"Monzón: Temporada 1: Episodio 6","11/1/21"
"Monzón: Temporada 1: Episodio 5","11/1/21"
"Monzón: Temporada 1: Episodio 4","11/1/21"
"Monzón: Temporada 1: Episodio 3","11/1/21"
"Monzón: Temporada 1: Episodio 2","11/1/21"
"Monzón: Temporada 1: Episodio 1","10/1/21"
"El juez","8/1/21"
"La ley de los audaces: Temporada 1: Piloto (Partes 1 y 2)","6/1/21"
"El mundo oculto de Sabrina: Parte 4: Capítulo treinta y seis: Pico de locura","5/1/21"
"El mundo oculto de Sabrina: Parte 4: Capítulo treinta y cinco: Interminable","5/1/21"
"El mundo oculto de Sabrina: Parte 4: Capítulo treinta y cuatro: Los resucitados","5/1/21"
"El mundo oculto de Sabrina: Parte 4: Capítulo treinta y tres: Deus ex machina","4/1/21"
"El mundo oculto de Sabrina: Parte 4: Capítulo treinta y dos: El demonio de la perversidad","4/1/21"
"El mundo oculto de Sabrina: Parte 4: Capítulo treinta y uno: Raro","4/1/21"
"El mundo oculto de Sabrina: Parte 4: Capítulo treinta: Nadie lo invitó","3/1/21"
"Cobra Kai: Temporada 3: 19 de diciembre","2/1/21"
"Cobra Kai: Temporada 3: Feel The Night","2/1/21"
"Cobra Kai: Temporada 3: El bueno, el malo y el incansable","2/1/21"
"Cobra Kai: Temporada 3: Obstáculos","2/1/21"
"Cobra Kai: Temporada 3: El rey","2/1/21"
"Cobra Kai: Temporada 3: Miyagi-Do","2/1/21"
"Cobra Kai: Temporada 3: El camino correcto","2/1/21"
"Cobra Kai: Temporada 3: Ahora tendrás que pagar","2/1/21"
"Cobra Kai: Temporada 3: ¿La herencia es más fuerte?","2/1/21"
"Cobra Kai: Temporada 3: Repercusiones","2/1/21"
"El mundo oculto de Sabrina: Parte 4: Capítulo veintinueve: La oscuridad arcana","2/1/21"
"The Crown: Temporada 3: El hombre en suspenso","1/1/21"
"The Crown: Temporada 3: Polvo lunar","1/1/21"
"The Crown: Temporada 3: Tywysog Cymru","30/12/20"
"The Crown: Temporada 3: Golpe de Estado","30/12/20"
"The Crown: Temporada 3: Bubbikins","29/12/20"
"The Crown: Temporada 3: Aberfan","27/12/20"
"The Crown: Temporada 3: Margarismo","27/12/20"
"The Crown: Temporada 3: Olding","27/12/20"
"Rascacielos: Rescate en las alturas","27/12/20"
"The Crown: Temporada 2: Hombre misterioso","26/12/20"
"The Crown: Temporada 2: Paterfamilias","26/12/20"
"The Crown: Temporada 2: Estimada Sra. Kennedy","26/12/20"
"The Crown: Temporada 2: Matrimonium","26/12/20"
"The Crown: Temporada 2: Vergangenheit","26/12/20"
"The Crown: Temporada 2: Marionetas","26/12/20"
"The Crown: Temporada 2: Beryl","26/12/20"
"The Crown: Temporada 2: Lisboa","26/12/20"
"The Crown: Temporada 2: Compañía de hombres","24/12/20"
"The Crown: Temporada 2: Desventura","23/12/20"
"The Crown: Temporada 1: Gloriana","23/12/20"
"The Crown: Temporada 1: Asesinos","23/12/20"
"The Crown: Temporada 1: Orgullo y alegría","23/12/20"
"The Crown: Temporada 1: Scientia potentia est","23/12/20"
"The Crown: Temporada 1: Noticia bomba","23/12/20"
"The Crown: Temporada 1: Humo y espejos","22/12/20"
"The Crown: Temporada 1: Fuerza mayor","22/12/20"
"The Crown: Temporada 1: Windsor","22/12/20"
"The Crown: Temporada 1: Hyde Park Corner","20/12/20"
"The Crown: Temporada 1: Wolferton Splash","20/12/20"
"El desorden que dejas: Miniserie: El desorden que dejas","15/12/20"
"El desorden que dejas: Miniserie: La tercera víctima","15/12/20"
"El desorden que dejas: Miniserie: Lo que no quise ver en ti","14/12/20"
"El desorden que dejas: Miniserie: El lugar secreto","14/12/20"
"El desorden que dejas: Miniserie: Caída en picado","14/12/20"
"El desorden que dejas: Miniserie: Cuenta hasta tres","13/12/20"
"El desorden que dejas: Miniserie: Lo saben","13/12/20"
"El desorden que dejas: Miniserie: En la boca del lobo","13/12/20"
"300: El nacimiento de un imperio","12/12/20"
"El cazador","12/12/20"
"Cuidado con lo que deseas","12/12/20"
"Mad Max: Furia en el camino","7/12/20"
"Scooby-Doo","27/11/20"
"Baby: Temporada 3: Día de San Valentín","23/11/20"
"Baby: Temporada 2: Baby","23/11/20"
"El dilema de las redes sociales","11/11/20"
"Escuadrón suicida","31/10/20"
"Supercampeones: Temporada 1: Encuentro con Roberto","31/10/20"
"Supercampeones: Temporada 1: Un camino de sueños","31/10/20"
"Héroe de centro comercial","29/10/20"
"Gambito de dama: Miniserie: Final","26/10/20"
"Gambito de dama: Miniserie: Aplazamientos","26/10/20"
"Gambito de dama: Miniserie: Ataque doble","25/10/20"
"Gambito de dama: Miniserie: Medio juego","25/10/20"
"Gambito de dama: Miniserie: Peones doblados","25/10/20"
"Gambito de dama: Miniserie: Intercambios","25/10/20"
"Gambito de dama: Miniserie: Aperturas","25/10/20"
"Creed II: Defendiendo el legado","24/10/20"
"Creed: Corazón de campeón","23/10/20"
"Rebeca","23/10/20"
"Alguien tiene que morir: Miniserie: Apretar el gatillo","19/10/20"
"Alguien tiene que morir: Miniserie: Tomar puntería","19/10/20"
"Alguien tiene que morir: Miniserie: Soltar la presa","19/10/20"
"El último cazador de brujas","17/10/20"
"El Halloween de Hubie","15/10/20"
"Rango","14/10/20"
"El Camino: Una película de Breaking Bad","13/10/20"
"Breaking Bad: Temporada 5: Felina","11/10/20"
"Breaking Bad: Temporada 5: Pizarra de granito","11/10/20"
"Breaking Bad: Temporada 5: Ozymandias","11/10/20"
"Breaking Bad: Temporada 5: Tohajiilee","11/10/20"
"Breaking Bad: Temporada 5: Perro rabioso","11/10/20"
"Breaking Bad: Temporada 5: Confesiones","10/10/20"
"Breaking Bad: Temporada 5: Enterrado","10/10/20"
"Breaking Bad: Temporada 5: Dinero sangriento","10/10/20"
"Breaking Bad: Temporada 5: Planeando sobre todos","9/10/20"
"Breaking Bad: Temporada 5: Di mi nombre","9/10/20"
"Breaking Bad: Temporada 5: Adquisición","9/10/20"
"Breaking Bad: Temporada 5: Carga de muerte","9/10/20"
"Breaking Bad: Temporada 5: 51 (Cincuenta y uno)","9/10/20"
"Breaking Bad: Temporada 5: Peligro","8/10/20"
"Breaking Bad: Temporada 5: Madrigal","8/10/20"
"Breaking Bad: Temporada 4: Fin de los tiempos","8/10/20"
"Breaking Bad: Temporada 5: Vive libre o muere","8/10/20"
"Breaking Bad: Temporada 4: Cara a cara","8/10/20"
"Breaking Bad: Temporada 4: Entrepiso","8/10/20"
"Breaking Bad: Temporada 4: Salud","8/10/20"
"Breaking Bad: Temporada 4: Micrófono","8/10/20"
"Breaking Bad: Temporada 4: Hermanos","7/10/20"
"Breaking Bad: Temporada 4: Perro problemático","7/10/20"
"Breaking Bad: Temporada 4: Arrinconados","7/10/20"
"Breaking Bad: Temporada 4: Copiloto","6/10/20"
"Breaking Bad: Temporada 4: Puntos clave","6/10/20"
"Breaking Bad: Temporada 4: Casa abierta","6/10/20"
"Breaking Bad: Temporada 4: Revólver calibre 38","5/10/20"
"Breaking Bad: Temporada 4: Navaja","5/10/20"
"Breaking Bad: Temporada 3: Medidas totales","5/10/20"
"Breaking Bad: Temporada 3: Medias medidas","5/10/20"
"Breaking Bad: Temporada 3: Abiquiú","5/10/20"
"Breaking Bad: Temporada 3: Vuelo","4/10/20"
"Breaking Bad: Temporada 3: Kafkiano","4/10/20"
"Breaking Bad: Temporada 3: Te veo","4/10/20"
"Breaking Bad: Temporada 3: Un minuto","4/10/20"
"Breaking Bad: Temporada 3: Atardecer","4/10/20"
"Breaking Bad: Temporada 3: Más","4/10/20"
"Breaking Bad: Temporada 3: Luz verde","4/10/20"
"Breaking Bad: Temporada 3: T. S. T.","4/10/20"
"Breaking Bad: Temporada 3: Caballo sin nombre","4/10/20"
"Breaking Bad: Temporada 3: No más","3/10/20"
"Breaking Bad: Temporada 2: ABQ","3/10/20"
"Breaking Bad: Temporada 2: Terminado","3/10/20"
"Breaking Bad: Temporada 2: Phoenix","3/10/20"
"Breaking Bad: Temporada 2: Mandala","3/10/20"
"Breaking Bad: Temporada 2: Cuatro días afuera","3/10/20"
"Breaking Bad: Temporada 2: ¡Llama a Saul!","3/10/20"
"Breaking Bad: Temporada 2: Negro y azul","3/10/20"
"Breaking Bad: Temporada 2: Cucú","3/10/20"
"Breaking Bad: Temporada 2: Rotura","3/10/20"
"Breaking Bad: Temporada 2: Abajo","3/10/20"
"Breaking Bad: Temporada 2: Picadura de una abeja muerta","3/10/20"
"Breaking Bad: Temporada 2: A las brasas","3/10/20"
"Breaking Bad: Temporada 2: Siete con treinta y siete","3/10/20"
"Breaking Bad: Temporada 1: Acuerdo no violento","3/10/20"
"Breaking Bad: Temporada 1: Un loco puñado de nada","3/10/20"
"Breaking Bad: Temporada 1: Materia gris","3/10/20"
"Breaking Bad: Temporada 1: Cáncer","2/10/20"
"Breaking Bad: Temporada 1: Y la bolsa en el río","2/10/20"
"Breaking Bad: Temporada 1: El gato en la bolsa","2/10/20"
"Breaking Bad: Temporada 1: Principio del fin","2/10/20"
"Jurassic World: Campamento Cretácico: Temporada 1: Secretos","2/10/20"
"Jurassic World: Campamento Cretácico: Temporada 1: Campamento Cretácico","2/10/20"
"Spirit: El corcel indomable","2/10/20"
"Godzilla","1/10/20"
"Enola Holmes","24/9/20"
"Corazón loco","20/9/20"
"Status Update: Actualiza tu universo","19/9/20"
"Family Business: Temporada 2: Burrata","18/9/20"
"Family Business: Temporada 2: De frente al sur","18/9/20"
"Family Business: Temporada 2: Un último regalo","18/9/20"
"Family Business: Temporada 2: El caldo","18/9/20"
"Family Business: Temporada 2: Banda rival","18/9/20"
"Family Business: Temporada 2: Por el buen camino","18/9/20"
"Family Business: Temporada 1: Punto final","18/9/20"
"Family Business: Temporada 1: Pastramaría","18/9/20"
"Family Business: Temporada 1: Los puercos de Ámsterdam","18/9/20"
"Family Business: Temporada 1: Listos para plantar","18/9/20"
"Family Business: Temporada 1: El trato","17/9/20"
"Family Business: Temporada 1: Plan de negocios","17/9/20"
"El diablo a todas horas","17/9/20"
"La isla siniestra","15/9/20"
"Kingdom: Temporada 2: Episodio 3","12/9/20"
"Kingdom: Temporada 2: Episodio 2","12/9/20"
"Kingdom: Temporada 2: Episodio 1","12/9/20"
"Kingdom: Temporada 1: Episodio 6","12/9/20"
"La niñera: Reina Letal","11/9/20"
"Django sin cadenas","11/9/20"
"#Vivo","9/9/20"
"Titanes del Pacífico: La insurrección","5/9/20"
"Tammy","4/9/20"
"Cobra Kai: Temporada 2: Sin piedad","2/9/20"
"Cobra Kai: Temporada 2: Pulpo","2/9/20"
"Cobra Kai: Temporada 2: Glory of Love","2/9/20"
"Cobra Kai: Temporada 2: Calma","2/9/20"
"Cobra Kai: Temporada 2: Echa un vistazo a tu derecha","2/9/20"
"Cobra Kai: Temporada 2: Darlo todo","2/9/20"
"Cobra Kai: Temporada 2: La hora de la verdad","2/9/20"
"Cobra Kai: Temporada 2: Hielo y fuego","2/9/20"
"Cobra Kai: Temporada 2: Otra vez juntos","2/9/20"
"Cobra Kai: Temporada 2: Piedad (Parte 2)","2/9/20"
"Cobra Kai: Temporada 1: Piedad","2/9/20"
"Cobra Kai: Temporada 1: Diferentes pero iguales","2/9/20"
"Cobra Kai: Temporada 1: Muda","2/9/20"
"Cobra Kai: Temporada 1: All Valley","2/9/20"
"Cobra Kai: Temporada 1: Temblor","2/9/20"
"Cobra Kai: Temporada 1: Contrapeso","2/9/20"
"Cobra Kai: Temporada 1: Cobra Kai nunca muere","2/9/20"
"Cobra Kai: Temporada 1: Esqueleto","2/9/20"
"Cobra Kai: Temporada 1: Golpear primero","2/9/20"
"Cobra Kai: Temporada 1: As degenerado","2/9/20"
"High Score: El mundo de los videojuegos: Miniserie: Pasar de nivel","2/9/20"
"High Score: El mundo de los videojuegos: Miniserie: ¡A luchar!","2/9/20"
"High Score: El mundo de los videojuegos: Miniserie: Esto es una guerra","2/9/20"
"High Score: El mundo de los videojuegos: Miniserie: Juegos de rol","1/9/20"
"Poco ortodoxa: Detrás de cámaras","31/8/20"
"Poco ortodoxa: Miniserie: Parte 4","31/8/20"
"Poco ortodoxa: Miniserie: Parte 3","31/8/20"
"Poco ortodoxa: Miniserie: Parte 2","31/8/20"
"Poco ortodoxa: Miniserie: Parte 1","31/8/20"
"High Score: El mundo de los videojuegos: Miniserie: Regreso con gloria","29/8/20"
"High Score: El mundo de los videojuegos: Miniserie: Auge y decadencia","28/8/20"
"Nada es privado","22/8/20"
"Lucifer: Temporada 5: El gemelo maldito","22/8/20"
"Lucifer: Temporada 5: Aprender a compartir","22/8/20"
"Lucifer: Temporada 5: Carnal","22/8/20"
"Lucifer: Temporada 5: Detective Amenadiel","21/8/20"
"Lucifer: Temporada 5: Una historia en clave noir","21/8/20"
"Lucifer: Temporada 5: ¡Diablo!","21/8/20"
"Lucifer: Temporada 5: ¡Lucifer, Lucifer, Lucifer!","21/8/20"
"Lucifer: Temporada 5: El príncipe triste","21/8/20"
"Proyecto Power","20/8/20"
"The Umbrella Academy: Temporada 2: El fin de algo","9/8/20"
"The Umbrella Academy: Temporada 2: Orden 743","9/8/20"
"The Umbrella Academy: Temporada 2: Las siete etapas","9/8/20"
"The Umbrella Academy: Temporada 2: Ojo por ojo","8/8/20"
"The Umbrella Academy: Temporada 2: Una cena tranquila","8/8/20"
"The Umbrella Academy: Temporada 2: Reunión de emergencia","8/8/20"
"The Umbrella Academy: Temporada 2: Los Doce majestuosos","8/8/20"
"The Umbrella Academy: Temporada 2: Los suecos","8/8/20"
"The Umbrella Academy: Temporada 2: El video de Frankel","7/8/20"
"The Umbrella Academy: Temporada 2: Volver a empezar","7/8/20"
"The Umbrella Academy: Temporada 1: El Violín Blanco","7/8/20"
"The Umbrella Academy: Temporada 1: Cambios","7/8/20"
"The Umbrella Academy: Temporada 1: Escuché el rumor","7/8/20"
"The Umbrella Academy: Temporada 1: El día que sí fue","7/8/20"
"The Umbrella Academy: Temporada 1: El día que no fue","7/8/20"
"The Umbrella Academy: Temporada 1: Número Cinco","7/8/20"
"The Umbrella Academy: Temporada 1: Hombre en la luna","6/8/20"
"The Umbrella Academy: Temporada 1: Run Boy Run","6/8/20"
"The Umbrella Academy: Temporada 1: Solo nos vemos en los casamientos o velorios","6/8/20"
"Oscuro deseo: Temporada 1: La respuesta siempre estuvo ahí...","6/8/20"
"Oscuro deseo: Temporada 1: Matamos lo que amamos","6/8/20"
"Oscuro deseo: Temporada 1: Apocalipsis 21, 8... El fuego es encendido en su ira","6/8/20"
"Oscuro deseo: Temporada 1: Nunca hablamos de amor","5/8/20"
"Oscuro deseo: Temporada 1: Dos verdades y una mentira","5/8/20"
"Oscuro deseo: Temporada 1: Tú solo fuiste una inocente víctima","4/8/20"
"Oscuro deseo: Temporada 1: Nos hemos equivocado tanto","4/8/20"
"Oscuro deseo: Temporada 1: Nada es lo que parece","4/8/20"
"Oscuro deseo: Temporada 1: Esa instantánea muerte es bella...","4/8/20"
"Oscuro deseo: Temporada 1: Un perverso juego de espejos","4/8/20"
"Oscuro deseo: Temporada 1: El corazón delator","3/8/20"
"Oscuro deseo: Temporada 1: Te metiste con la mujer equivocada","3/8/20"
"Oscuro deseo: Temporada 1: ¿Extrañando los viejos tiempos?","3/8/20"
"Oscuro deseo: Temporada 1: ¿Qué sabes acerca de Darío Guerra?","3/8/20"
"Oscuro deseo: Temporada 1: Pero el amor, esa palabra","3/8/20"
"Oscuro deseo: Temporada 1: Eso que los normales llaman amor","3/8/20"
"Oscuro deseo: Temporada 1: Una última noche de pasión","3/8/20"
"Oscuro deseo: Temporada 1: Es solo sexo","3/8/20"
"Vis a vis: El Oasis: ¿Quién era Zulema Zahir?","2/8/20"
"Vis a vis: El Oasis: La línea roja","2/8/20"
"Vis a vis: El Oasis: Odio el sentimentalismo","1/8/20"
"Vis a vis: El Oasis: La vida de los mosquitos","1/8/20"
"En el corazón del mar","1/8/20"
"Vis a vis: El Oasis: Iguales o nada","31/7/20"
"Vis a vis: El Oasis: Como te quiere una madre","31/7/20"
"Vis a vis: El Oasis: La boda","31/7/20"
"Vis a vis: El Oasis: Como esos matrimonios que antes de separarse tienen un hijo","31/7/20"
"Volver al futuro III","29/7/20"
"El señor de los anillos: La comunidad del anillo","25/7/20"
"El stand de los besos 2","24/7/20"
"How to Sell Drugs Online (Fast): Temporada 2: No seas malvado","24/7/20"
"How to Sell Drugs Online (Fast): Temporada 2: Muévete rápido y rompe cosas","24/7/20"
"How to Sell Drugs Online (Fast): Temporada 2: Cómpralo. Véndelo. Ámalo.","24/7/20"
"How to Sell Drugs Online (Fast): Temporada 2: Inspirado en la vida real","24/7/20"
"How to Sell Drugs Online (Fast): Temporada 2: ¿Hasta dónde quieres llegar hoy?","24/7/20"
"How to Sell Drugs Online (Fast): Temporada 2: Piensa diferente","24/7/20"
"MILF","19/7/20"
"Vis a vis: Temporada 1: Mosquita muerta","18/7/20"
"Vis a vis: Temporada 4: La marea amarilla","18/7/20"
"Vis a vis: Temporada 4: Vuelta a casa","18/7/20"
"Vis a vis: Temporada 4: Mala persona","18/7/20"
"Vis a vis: Temporada 4: Traición","17/7/20"
"Vis a vis: Temporada 4: Mamá","17/7/20"
"Vis a vis: Temporada 4: El umbral del dolor","17/7/20"
"Vis a vis: Temporada 4: La fuga","16/7/20"
"Vis a vis: Temporada 4: La Barbie","15/7/20"
"Vis a vis: Temporada 3: Lo que sabemos de los monstruos","15/7/20"
"Vis a vis: Temporada 3: Fuimos niñas","15/7/20"
"Vis a vis: Temporada 3: Seis meses dan para mucho","15/7/20"
"Vis a vis: Temporada 3: Alguien a quien le importes una mierda","15/7/20"
"Vis a vis: Temporada 3: La bandera en el muro","15/7/20"
"Vis a vis: Temporada 3: Un grano de arroz","14/7/20"
"Vis a vis: Temporada 3: Muy fácil o muy difícil","14/7/20"
"Vis a vis: Temporada 3: Cruz del Norte","14/7/20"
"Vis a vis: Temporada 2: Líquido","14/7/20"
"Vis a vis: Temporada 2: Plátano y limón","14/7/20"
"Vis a vis: Temporada 2: Patrona de los desesperados","14/7/20"
"Vis a vis: Temporada 2: Pecados y confusiones","14/7/20"
"Vis a vis: Temporada 2: Pillarse los dedos","14/7/20"
"Vis a vis: Temporada 2: La vida sigue","14/7/20"
"Vis a vis: Temporada 2: Un día de campo","14/7/20"
"Vis a vis: Temporada 2: Los mandriles","13/7/20"
"Snowpiercer: Temporada 1: 994 vagones","13/7/20"
"Snowpiercer: Temporada 1: El tren pedía sangre","13/7/20"
"Vis a vis: Temporada 2: En la línea de fuego","11/7/20"
"Vis a vis: Temporada 2: Un cadáver en el maletero","11/7/20"
"Vis a vis: Temporada 2: La gallinita","11/7/20"
"Vis a vis: Temporada 2: Hogar, dulce hogar","11/7/20"
"Vis a vis: Temporada 2: A un mono, dos pistolas","11/7/20"
"Vis a vis: Temporada 1: El principio de las tortugas","10/7/20"
"Vis a vis: Temporada 1: Gato gris","10/7/20"
"Vis a vis: Temporada 1: Negra, negrita, negrata","10/7/20"
"Vis a vis: Temporada 1: Pretty Woman","10/7/20"
"Vis a vis: Temporada 1: A las 5 en punto de la tarde","10/7/20"
"Vis a vis: Temporada 1: Te vendrán a buscar","10/7/20"
"Vis a vis: Temporada 1: La cruda realidad","10/7/20"
"Vis a vis: Temporada 1: Un día de campo","9/7/20"
"Vis a vis: Temporada 1: Lo que sucede conviene","9/7/20"
"Vis a vis: Temporada 1: Cosiendo a Campanilla","9/7/20"
"Asesino: Misión venganza","7/7/20"
"Snowpiercer: Temporada 1: Estas son sus revoluciones","6/7/20"
"El Grinch","6/7/20"
"LEGO: Marvel Super Heroes: Maximum Overload","6/7/20"
"Jack el cazagigantes","6/7/20"
"Hotel Transilvania 2","5/7/20"
"El juego de la fortuna","5/7/20"
"La teoría del todo","3/7/20"
"Jigsaw: El juego continúa","3/7/20"
"Baby: El aprendiz del crimen","3/7/20"
"Perfume de mujer","2/7/20"
"Mujer Maravilla","2/7/20"
"Snowpiercer: Temporada 1: El universo es indiferente","30/6/20"
"Dark: Temporada 3: El paraíso","28/6/20"
"Dark: Temporada 3: Entre tiempos","28/6/20"
"Dark: Temporada 3: Luces y sombras","28/6/20"
"Dark: Temporada 3: Vida y muerte","28/6/20"
"Dark: Temporada 3: El origen","28/6/20"
"Dark: Temporada 3: Adán y Eva","27/6/20"
"Dark: Temporada 3: Los sobrevivientes","27/6/20"
"Batman: El caballero de la noche asciende","27/6/20"
"Dark: Temporada 3: Déjà vu","27/6/20"
"Héroes","24/6/20"
"La nueva gran estafa","24/6/20"
"365 días","23/6/20"
"Snowpiercer: Temporada 1: En vías de destrucción","22/6/20"
"Bala perdida","20/6/20"
"El informe Pelícano","20/6/20"
"El apostador","20/6/20"
"Peaky Blinders: Temporada 5: Sr. Jones","19/6/20"
"Peaky Blinders: Temporada 5: Conmoción","19/6/20"
"Peaky Blinders: Temporada 5: El círculo","19/6/20"
"Peaky Blinders: Temporada 5: Estrategias","18/6/20"
"Peaky Blinders: Temporada 5: Gato negro","17/6/20"
"Peaky Blinders: Temporada 5: Martes negro","17/6/20"
"Peaky Blinders: Temporada 4: La compañía","17/6/20"
"Peaky Blinders: Temporada 4: El duelo","17/6/20"
"Peaky Blinders: Temporada 4: Peligrosa","17/6/20"
"Peaky Blinders: Temporada 4: Mirlo","17/6/20"
"Peaky Blinders: Temporada 4: Paganos","16/6/20"
"Peaky Blinders: Temporada 4: La horca","16/6/20"
"Peaky Blinders: Temporada 3: Episodio 6","16/6/20"
"Peaky Blinders: Temporada 3: Episodio 5","16/6/20"
"Peaky Blinders: Temporada 3: Episodio 4","16/6/20"
"Peaky Blinders: Temporada 3: Episodio 3","15/6/20"
"Peaky Blinders: Temporada 3: Episodio 2","15/6/20"
"Peaky Blinders: Temporada 3: Episodio 1","15/6/20"
"Peaky Blinders: Temporada 2: Episodio 6","15/6/20"
"Peaky Blinders: Temporada 2: Episodio 5","15/6/20"
"Peaky Blinders: Temporada 2: Episodio 4","15/6/20"
"Peaky Blinders: Temporada 2: Episodio 3","15/6/20"
"Snowpiercer: Temporada 1: La justicia no subió a bordo","15/6/20"
"Peaky Blinders: Temporada 2: Episodio 2","15/6/20"
"Peaky Blinders: Temporada 2: Episodio 1","15/6/20"
"Peaky Blinders: Temporada 1: Episodio 6","15/6/20"
"Peaky Blinders: Temporada 1: Episodio 5","15/6/20"
"Peaky Blinders: Temporada 1: Episodio 4","14/6/20"
"Peaky Blinders: Temporada 1: Episodio 3","14/6/20"
"Peaky Blinders: Temporada 1: Episodio 2","14/6/20"
"Peaky Blinders: Temporada 1: Episodio 1","14/6/20"
"Patrulla de cachorros: Temporada 2: El rescate de Ace / A salvar la boda","13/6/20"
"Patrulla de cachorros: Temporada 2: Los cachorros y la gran helada / Los cachorros salvan el partido","13/6/20"
"Patrulla de cachorros: Temporada 2: El nuevo cachorro","13/6/20"
"Patrulla de cachorros: Temporada 2: Los cachorros salvan al fantasma / Los cachorros salvan el show","13/6/20"
"Patrulla de cachorros: Temporada 2: La campana de buceo / El rescate de los castores","13/6/20"
"Patrulla de cachorros: Temporada 2: Los cachorros salvan a Jake / Los cachorros salvan el desfile","13/6/20"
"Patrulla de cachorros: Temporada 2: Los cachorros salvan al extraterrestre / Los cachorros salvan a la rana voladora","13/6/20"
"13 Reasons Why: Temporada 2: Dos chicas y un beso","12/6/20"
"Los últimos días del crimen","12/6/20"
"Snowpiercer: Temporada 1: Sin su creador","12/6/20"
"Jeffrey Epstein: Asquerosamente rico: Miniserie: Voces escuchadas","7/6/20"
"Jeffrey Epstein: Asquerosamente rico: Miniserie: La isla","7/6/20"
"Jeffrey Epstein: Asquerosamente rico: Miniserie: Sigue la pista del dinero","6/6/20"
"Jeffrey Epstein: Asquerosamente rico: Miniserie: Zonas de caza","6/6/20"
"Snowpiercer: Temporada 1: El acceso es poder","5/6/20"
"Dark: Temporada 2: Finales e inicios","2/6/20"
"Dark: Temporada 2: El demonio blanco","2/6/20"
"Dark: Temporada 2: Un ciclo sin fin","2/6/20"
"Dark: Temporada 2: Perdido y encontrado","2/6/20"
"Dark: Temporada 2: Los viajeros","2/6/20"
"Dark: Temporada 2: Fantasmas","2/6/20"
"DEATH NOTE: Death Note: New World","1/6/20"
"DEATH NOTE: Death Note: 1.28","1/6/20"
"DEATH NOTE: Death Note: Malice","1/6/20"
"DEATH NOTE: Death Note: Vigilance","1/6/20"
"DEATH NOTE: Death Note: Scorn","1/6/20"
"DEATH NOTE: Death Note: Selection","1/6/20"
"Dark: Temporada 2: Materia oscura","1/6/20"
"Dark: Temporada 2: Principios y finales","1/6/20"
"Dark: Temporada 1: Alfa y omega","1/6/20"
"Dark: Temporada 1: Todo es ahora","1/6/20"
"Dark: Temporada 1: Cosechas lo que siembras","31/5/20"
"Dark: Temporada 1: Encrucijadas","31/5/20"
"Dark: Temporada 1: Sic mundus creatus est","31/5/20"
"Dark: Temporada 1: Verdades","30/5/20"
"Dark: Temporada 1: Dobles vidas","30/5/20"
"Dark: Temporada 1: Pasado y presente","30/5/20"
"Dark: Temporada 1: Mentiras","30/5/20"
"Dark: Temporada 1: Secretos","30/5/20"
"Snowpiercer: Temporada 1: Nos preparamos para lo peor","30/5/20"
"Un golpe con estilo","27/5/20"
"Control Z: Temporada 1: Enemigo público","27/5/20"
"Control Z: Temporada 1: Control Z","27/5/20"
"Control Z: Temporada 1: ¿Qué tanto conoces a Javier?","27/5/20"
"Control Z: Temporada 1: Cara a cara","27/5/20"
"Especial 20 años Fútbol de Primera: Especial 20 años de Fútbol de Primera: Episodio 1","27/5/20"
"Dinastía: Temporada 3: Mi gran casamiento ebrio","25/5/20"
"Dinastía: Temporada 3: Rescate en Moldavia","25/5/20"
"Dinastía: Temporada 3: En brazos de un cura","25/5/20"
"Dinastía: Temporada 3: Internet me adora","25/5/20"
"Dinastía: Temporada 3: ¿La próxima cirugía es gratis?","25/5/20"
"Dinastía: Temporada 3: En un árbol","25/5/20"
"Dinastía: Temporada 3: La madrastra malvada","25/5/20"
"Dinastía: Temporada 3: Para ti, todo es blanco o negro","25/5/20"
"Dinastía: Temporada 3: Líneas de batalla","24/5/20"
"Dinastía: Temporada 3: Hay heridas que nunca sanan","24/5/20"
"Dinastía: Temporada 3: ¿Qué penas quieres ahogar?","24/5/20"
"Feliz día de tu muerte","24/5/20"
"Dinastía: Temporada 3: Champaña quemada","24/5/20"
"Dinastía: Temporada 3: El sensacional juicio de Blake Carrington","24/5/20"
"Dinastía: Temporada 3: Sin pensar","24/5/20"
"Dinastía: Temporada 3: Adivina el recuerdo","24/5/20"
"Dinastía: Temporada 3: ¿Mamá? Estoy en La Mirage","24/5/20"
"Dinastía: Temporada 3: Desesperación","24/5/20"
"Dinastía: Temporada 3: Culpa en Alaska","24/5/20"
"Control Z: Temporada 1: Clase nocturna","23/5/20"
"Control Z: Temporada 1: Idiotas","23/5/20"
"Control Z: Temporada 1: Víctimas","23/5/20"
"Control Z: Temporada 1: La chica del cumpleaños","23/5/20"
"Valeria: Temporada 1: Puntos suspensivos","22/5/20"
"Valeria: Temporada 1: El paquete","22/5/20"
"Valeria: Temporada 1: La regadera","22/5/20"
"Valeria: Temporada 1: Mr. Xampi","22/5/20"
"Valeria: Temporada 1: La charca","22/5/20"
"Valeria: Temporada 1: Alaska","22/5/20"
"Valeria: Temporada 1: Señales","22/5/20"
"Valeria: Temporada 1: La impostora","19/5/20"
"Vacaciones","19/5/20"
"Kung Fu Panda","19/5/20"
"El espantatiburones","19/5/20"
"Kung Fu Panda: El secreto del rollo","19/5/20"
"White Lines: Temporada 1: Episodio 10","19/5/20"
"White Lines: Temporada 1: Episodio 9","19/5/20"
"White Lines: Temporada 1: Episodio 8","19/5/20"
"White Lines: Temporada 1: Episodio 7","19/5/20"
"White Lines: Temporada 1: Episodio 6","19/5/20"
"White Lines: Temporada 1: Episodio 5","19/5/20"
"White Lines: Temporada 1: Episodio 4","19/5/20"
"White Lines: Temporada 1: Episodio 3","19/5/20"
"White Lines: Temporada 1: Episodio 2","18/5/20"
"White Lines: Temporada 1: Episodio 1","18/5/20"
"DEATH NOTE: Death Note: Transfer","18/5/20"
"DEATH NOTE: Death Note: Justice","18/5/20"
"DEATH NOTE: Death Note: Father","18/5/20"
"DEATH NOTE: Death Note: Impatience","18/5/20"
"DEATH NOTE: Death Note: Abduction","18/5/20"
"DEATH NOTE: Death Note: Renewal","18/5/20"
"DEATH NOTE: Death Note: Silence","17/5/20"
"DEATH NOTE: Death Note: Revival","17/5/20"
"DEATH NOTE: Death Note: Frenzy","17/5/20"
"DEATH NOTE: Death Note: Guidance","17/5/20"
"DEATH NOTE: Death Note: Performance","17/5/20"
"DEATH NOTE: Death Note: Makeshift","16/5/20"
"DEATH NOTE: Death Note: Matsuda","16/5/20"
"DEATH NOTE: Death Note: Ally","16/5/20"
"DEATH NOTE: Death Note: Execution","16/5/20"
"DEATH NOTE: Death Note: Decision","16/5/20"
"DEATH NOTE: Death Note: Wager","15/5/20"
"DEATH NOTE: Death Note: Friend","15/5/20"
"DEATH NOTE: Death Note: Confession","15/5/20"
"DEATH NOTE: Death Note: Love","15/5/20"
"DEATH NOTE: Death Note: Assault","15/5/20"
"DEATH NOTE: Death Note: Doubt","15/5/20"
"DEATH NOTE: Death Note: Encounter","15/5/20"
"DEATH NOTE: Death Note: Glare","15/5/20"
"DEATH NOTE: Death Note: Overcast","15/5/20"
"DEATH NOTE: Death Note: Unraveling","15/5/20"
"DEATH NOTE: Death Note: Tactics","15/5/20"
"DEATH NOTE: Death Note: Pursuit","15/5/20"
"DEATH NOTE: Death Note: Dealings","15/5/20"
"DEATH NOTE: Death Note: Confrontation","15/5/20"
"DEATH NOTE: Death Note: Rebirth","15/5/20"
"La otra Missy","15/5/20"
"Guerra de papás 2","10/5/20"
"El silencio del pantano","26/4/20"
"El hoyo","19/4/20"
"Focus: Maestros de la estafa","16/4/20"
"Amor. Boda. Azar.","14/4/20"
"Coffee y Kareem","9/4/20"
"La casa de papel: El fenómeno","3/4/20"
"La casa de papel: Parte 4: Plan París","3/4/20"
"La casa de papel: Parte 4: Tumbar la carpa","3/4/20"
"La casa de papel: Parte 4: KO técnico","3/4/20"
"La casa de papel: Parte 4: 5 minutos antes","3/4/20"
"La casa de papel: Parte 4: Suspiros de España","3/4/20"
"La casa de papel: Parte 4: Lección de anatomía","3/4/20"
"La casa de papel: Parte 4: La boda de Berlín","3/4/20"
"La casa de papel: Parte 4: Game Over","3/4/20"
"La vida escolar (Tráiler)","2/4/20"
"Terminator: Génesis","1/4/20"
"Fangio: El hombre que domaba las máquinas","29/3/20"
"John Wick 2: Un nuevo día para matar","29/3/20"
"Freud: Temporada 1: Supresión","27/3/20"
"Freud: Temporada 1: Catarsis","27/3/20"
"Freud: Temporada 1: Regresión","27/3/20"
"Freud: Temporada 1: Deseo","26/3/20"
"Freud: Temporada 1: Tótem y tabú","25/3/20"
"Freud: Temporada 1: Sonambulismo","25/3/20"
"Freud: Temporada 1: Trauma","25/3/20"
"Freud: Temporada 1: Histeria","25/3/20"
"Toy Boy: Temporada 1: Ángeles caídos","24/3/20"
"Toy Boy: Temporada 1: Redención","24/3/20"
"Toy Boy: Temporada 1: Cachorro","24/3/20"
"Toy Boy: Temporada 1: Polaroids","24/3/20"
"Toy Boy: Temporada 1: Amor de madre","24/3/20"
"Toy Boy: Temporada 1: Único testigo","24/3/20"
"Toy Boy: Temporada 1: Juego de máscaras","23/3/20"
"Toy Boy: Temporada 1: El final del túnel","23/3/20"
"Toy Boy: Temporada 1: El pulso del asesino","23/3/20"
"Toy Boy: Temporada 1: Casilla de salida","23/3/20"
"Toy Boy: Temporada 1: El juicio final","23/3/20"
"Toy Boy: Temporada 1: De entre los muertos","23/3/20"
"Toy Boy: Temporada 1: Piloto","22/3/20"
"Misión: Imposible - Nación secreta","22/3/20"
"¡Huye!","22/3/20"
"En el tornado","19/3/20"
"Scary movie 3: No hay dos sin 3","19/3/20"
"Ni en tus sueños","19/3/20"
"Su último deseo","19/3/20"
"Élite: Temporada 3: Polo","14/3/20"
"Élite: Temporada 3: Nadia y Omar","14/3/20"
"Élite: Temporada 3: Rebeka","14/3/20"
"Élite: Temporada 3: Cayetana y Valerio","14/3/20"
"Élite: Temporada 3: Ander","14/3/20"
"Élite: Temporada 3: Lu","14/3/20"
"Élite: Temporada 3: Samuel y Guzmán","13/3/20"
"Élite: Temporada 3: Carla","13/3/20"
"Spenser: Confidencial","8/3/20"
"30 días para ir a la cárcel","6/3/20"
"A Fall from Grace","3/3/20"
"Violet y Finch","1/3/20"
"Esta mierda me supera: Temporada 1: Tu secreto más oscuro","27/2/20"
"Esta mierda me supera: Temporada 1: De tal palo, tal astilla","27/2/20"
"Esta mierda me supera: Temporada 1: Otro día en el paraíso","27/2/20"
"Esta mierda me supera: Temporada 1: Stan en todo","27/2/20"
"Esta mierda me supera: Temporada 1: Se acabó la fiesta","27/2/20"
"Esta mierda me supera: Temporada 1: Tiempos desesperados","27/2/20"
"Esta mierda me supera: Temporada 1: Querido diario...","27/2/20"
"Better Call Saul: Temporada 1: Uno","27/2/20"
"Actividad paranormal: Los marcados","24/2/20"
"Puerta 7: Temporada 1: Episodio 8","24/2/20"
"Puerta 7: Temporada 1: Episodio 7","24/2/20"
"Puerta 7: Temporada 1: Episodio 6","24/2/20"
"Puerta 7: Temporada 1: Episodio 5","24/2/20"
"Puerta 7: Temporada 1: Episodio 4","24/2/20"
"Puerta 7: Temporada 1: Episodio 3","24/2/20"
"Puerta 7: Temporada 1: Episodio 2","24/2/20"
"Puerta 7: Temporada 1: Episodio 1","24/2/20"
"Isi y Ossi","20/2/20"
"El juego de Gerald","20/2/20"
"La noche de la expiación","20/2/20"
"Patrulla de cachorros: Temporada 2: Salvemos a los pingüinos / El rescate del delfín","19/2/20"
"El origen","18/2/20"
"La La Land: Una historia de amor","18/2/20"
"El farmacéutico: Miniserie: Justicia para Danny","17/2/20"
"A todos los chicos: P. D. Todavía te quiero","17/2/20"
"Magic Mike XXL","17/2/20"
"Ultimate Spider-Man: Marvel Ultimate Spider-Man vs. Los 6 Siniestros: Lagartos","15/2/20"
"Ocultos por la Luna","12/2/20"
"Mi villano favorito 3","11/2/20"
"Ultimate Spider-Man: Marvel Ultimate Spider-Man vs. Los 6 Siniestros: El Buitre de Hierro","11/2/20"
"How to Sell Drugs Online (Fast): Temporada 1: Nerd hoy, jefe mañana","11/2/20"
"Ultimate Spider-Man: Marvel Ultimate Spider-Man vs. Los 6 Siniestros: A Miles de kilómetros de casa","11/2/20"
"Assassin's Creed","6/2/20"
"Nisman: El fiscal, la presidenta y el espía: Temporada 1: Episodio 4","5/2/20"
"Diamantes en bruto","5/2/20"
"Titanes: Temporada 2: Nightwing","2/2/20"
"Titanes: Temporada 2: El falso Halcón","2/2/20"
"Titanes: Temporada 2: E.L._.O.","2/2/20"
"Titanes: Temporada 2: Héroe caído","2/2/20"
"Titanes: Temporada 2: Expiación","2/2/20"
"Titanes: Temporada 2: Jericho","1/2/20"
"Titanes: Temporada 2: Bruce Wayne","1/2/20"
"Titanes: Temporada 2: Conner","1/2/20"
"Titanes: Temporada 2: Deathstroke","1/2/20"
"Titanes: Temporada 2: Aqualad","1/2/20"
"Titanes: Temporada 2: Fantasmas","1/2/20"
"Titanes: Temporada 2: Rose","1/2/20"
"Titanes: Temporada 2: Trigon","1/2/20"
"Titanes: Temporada 1: Dick Grayson","1/2/20"
"Titanes: Temporada 1: Koriand'r","1/2/20"
"Titanes: Temporada 1: Hank y Dawn","1/2/20"
"Titanes: Temporada 1: Donna Troy","31/1/20"
"Titanes: Temporada 1: El manicomio","31/1/20"
"Titanes: Temporada 1: Jason Todd","31/1/20"
"Titanes: Temporada 1: Juntos","31/1/20"
"Titanes: Temporada 1: Patrulla condenada","31/1/20"
"Ragnarök: Temporada 1: El chico nuevo","31/1/20"
"Titanes: Temporada 1: Orígenes","31/1/20"
"Titanes: Temporada 1: El halcón y la paloma","31/1/20"
"Titanes: Temporada 1: Titanes","31/1/20"
"Ultimate Spider-Man: Marvel Ultimate Spider-Man vs. Los 6 Siniestros: El ataque de HYDRA - Segunda parte","30/1/20"
"Ultimate Spider-Man: Marvel Ultimate Spider-Man vs. Los 6 Siniestros: El ataque de HYDRA - Primera parte","30/1/20"
"Porno para principiantes","30/1/20"
"Resident Evil: Capítulo final","30/1/20"
"Virus","30/1/20"
"Inquebrantable","30/1/20"
"El mundo oculto de Sabrina: Parte 3: Capítulo veintiocho: Sabrina es leyenda","27/1/20"
"El mundo oculto de Sabrina: Parte 3: Capítulo veintisiete: El beso de Judas","27/1/20"
"El mundo oculto de Sabrina: Parte 3: Capítulo veintiséis: Todas esas brujas","27/1/20"
"El mundo oculto de Sabrina: Parte 3: Capítulo veinticinco: El diablo dentro","27/1/20"
"El mundo oculto de Sabrina: Parte 3: Capítulo veinticuatro: La Luna de la Liebre","27/1/20"
"El mundo oculto de Sabrina: Parte 3: Capítulo veintitrés: La pesada corona","26/1/20"
"El mundo oculto de Sabrina: Parte 3: Capítulo veintidós: Arrástrame al infierno","26/1/20"
"El mundo oculto de Sabrina: Parte 3: Capítulo veintiuno: El corazón destinado al infierno","25/1/20"
"Sex Education: Temporada 2: Episodio 8","18/1/20"
"Sex Education: Temporada 2: Episodio 7","17/1/20"
"Sex Education: Temporada 2: Episodio 6","17/1/20"
"Sex Education: Temporada 2: Episodio 5","17/1/20"
"Sex Education: Temporada 2: Episodio 4","17/1/20"
"Sex Education: Temporada 2: Episodio 3","17/1/20"
"Sex Education: Temporada 2: Episodio 2","17/1/20"
"Sex Education: Temporada 2: Episodio 1","17/1/20"
"Scary Movie 2 - Otra película de miedo","16/1/20"
"Una película de miedo","12/1/20"
"Cómo ser soltera","12/1/20"
"Mi nombre es Dolemite","12/1/20"
"¡Hombre al agua!","12/1/20"
"El gran Gatsby","11/1/20"
"Belleza inesperada","11/1/20"
"Nisman: El fiscal, la presidenta y el espía: Temporada 1: Episodio 3","5/1/20"
"Nisman: El fiscal, la presidenta y el espía: Temporada 1: Episodio 2","5/1/20"
"Historia de un matrimonio","4/1/20"
"La momia","3/1/20"
"Nisman: El fiscal, la presidenta y el espía: Temporada 1: Episodio 1","3/1/20"
"You: Temporada 2: Realmente amor","27/12/19"
"You: Temporada 2: Detective Joe","27/12/19"
"You: Temporada 2: Pánico y locura en Beverly Hills","27/12/19"
"You: Temporada 2: Crisis existencial","27/12/19"
"You: Temporada 2: Adiós, mi conejito","27/12/19"
"You: Temporada 2: ¡Buen findelasalud, Joe!","26/12/19"
"You: Temporada 2: El bueno, el malo y Hendy","26/12/19"
"You: Temporada 2: Amigos son los amigos","26/12/19"
"You: Temporada 2: Solo la puntita","26/12/19"
"You: Temporada 2: Borrón y cuenta nueva","26/12/19"
"Extremadamente cruel, malvado y perverso","25/12/19"
"Aceptados","25/12/19"
"The Witcher: Temporada 1: Mucho más","21/12/19"
"The Witcher: Temporada 1: Antes de la caída","21/12/19"
"The Witcher: Temporada 1: Especies raras","21/12/19"
"The Witcher: Temporada 1: Apetitos incontenibles","21/12/19"
"The Witcher: Temporada 1: Banquetes, bastardos y entierros","21/12/19"
"The Witcher: Temporada 1: Luna traicionera","21/12/19"
"The Witcher: Temporada 1: Cuatro marcos","21/12/19"
"The Witcher: Temporada 1: Principio del fin","21/12/19"
"Volver al futuro II","20/12/19"
"Escuadrón 6","15/12/19"
"Silicon Cowboys","12/12/19"
"Mente indomable","12/12/19"
"El Irlandés","30/11/19"
"Capitán América: Guerra civil","18/11/19"
"El contador","18/11/19"
"Betting on Zero","13/11/19"
"Daybreak: Temporada 1: ¡CATAPLUUUUUUM!","13/11/19"
"Daybreak: Temporada 1: Josh contra el apocalipsis: Parte 2","13/11/19"
"Daybreak: Temporada 1: Amor a domicilio","13/11/19"
"Daybreak: Temporada 1: Canta tu vida","13/11/19"
"Daybreak: Temporada 1: 7371745","13/11/19"
"Daybreak: Temporada 1: Baile 2.0","13/11/19"
"Daybreak: Temporada 1: MMMMMMM-HMMMMMM","13/11/19"
"Daybreak: Temporada 1: La reina del slime de Glendale","13/11/19"
"Daybreak: Temporada 1: ¡Atrapatontos!","13/11/19"
"Daybreak: Temporada 1: Josh contra el apocalipsis: Parte 1","13/11/19"
"La fiesta de las salchichas","20/10/19"
"Capitán América y el Soldado del Invierno","20/10/19"
"La lavandería","20/10/19"
"The Seven Deadly Sins: Resurrección de los Diez Mandamientos: Resurge la raza de los demonios","14/10/19"
"Animales fantásticos y dónde encontrarlos","9/10/19"
"Cincuenta sombras más oscuras","4/10/19"
"Stranger Things: Stranger Things 3: Capítulo ocho: La batalla de Starcourt","27/9/19"
"Stranger Things: Stranger Things 3: Capítulo siete: La picadura","27/9/19"
"Stranger Things: Stranger Things 3: Capítulo seis: E pluribus unum","27/9/19"
"Stranger Things: Stranger Things 3: Capítulo cinco: Los desollados","27/9/19"
"Stranger Things: Stranger Things 3: Capítulo cuatro: La prueba del sauna","26/9/19"
"Stranger Things: Stranger Things 3: Capítulo tres: El caso de la guardavidas perdida","26/9/19"
"Stranger Things: Stranger Things 3: Capítulo dos: Ratas de centro comercial","26/9/19"
"Stranger Things: Stranger Things 3: Capítulo uno: ¿Me copias, Suzie?","26/9/19"
"Stranger Things: Stranger Things 2: Capítulo nueve: El portal","26/9/19"
"Stranger Things: Stranger Things 2: Capítulo ocho: El azotamentes","26/9/19"
"Stranger Things: Stranger Things 2: Capítulo siete: La hermana perdida","26/9/19"
"Stranger Things: Stranger Things 2: Capítulo seis: El espía","26/9/19"
"Stranger Things: Stranger Things 2: Capítulo cinco: Dig Dug","26/9/19"
"Stranger Things: Stranger Things 2: Capítulo cuatro: Will, el Sabio","26/9/19"
"Stranger Things: Stranger Things 2: Capítulo tres: El renacuajo","26/9/19"
"Stranger Things: Stranger Things 2: Capítulo dos: Dulce o truco, bicho raro","26/9/19"
"Stranger Things: Stranger Things 2: Capítulo uno: MADMAX","26/9/19"
"Stranger Things: Capítulo ocho: El otro lado","26/9/19"
"Stranger Things: Capítulo siete: La bañera","26/9/19"
"Stranger Things: Capítulo seis: El monstruo","26/9/19"
"Stranger Things: Capítulo cinco: La pulga y el acróbata","26/9/19"
"Stranger Things: Capítulo cuatro: El cuerpo","25/9/19"
"Stranger Things: Capítulo tres: Todo está bien","25/9/19"
"Stranger Things: Capítulo dos: La loca de la calle Maple","25/9/19"
"Stranger Things: Capítulo uno: La desaparición de Will Byers","25/9/19"
"Bill Gates bajo la lupa: Miniserie: Parte 3","24/9/19"
"Bill Gates bajo la lupa: Miniserie: Parte 2","23/9/19"
"Bill Gates bajo la lupa: Miniserie: Parte 1","22/9/19"
"Spirit: Cabalgando libre: Temporada 1: Lucky y la sorpresa no tan secreta","22/9/19"
"Spirit: Cabalgando libre: Temporada 1: Lucky y la aventura de Appaloosa","22/9/19"
"Spirit: Cabalgando libre: Temporada 1: Lucky y el dilema de la competencia","22/9/19"
"Spirit: Cabalgando libre: Temporada 1: Lucky y el mapa misterioso","22/9/19"
"Spirit: Cabalgando libre: Temporada 1: Lucky y el camino peligroso","22/9/19"
"Spirit: Cabalgando libre: Temporada 1: Lucky y el indomable Spirit","22/9/19"
"Élite: Temporada 2: 0 horas desaparecido","7/9/19"
"Élite: Temporada 2: 84 horas desaparecido","7/9/19"
"Élite: Temporada 2: 66 horas desaparecido","7/9/19"
"Élite: Temporada 2: 63 horas desaparecido","7/9/19"
"Élite: Temporada 2: 59 horas desaparecido","7/9/19"
"Élite: Temporada 2: 36 horas desaparecido","7/9/19"
"Élite: Temporada 2: 34 horas desaparecido","7/9/19"
"Élite: Temporada 2: 20 horas desaparecido","6/9/19"
"Unidad 42: Temporada 1: Conectados","28/8/19"
"Unidad 42: Temporada 1: Voto efectivo","28/8/19"
"Unidad 42: Temporada 1: Memoria aleatoria","25/8/19"
"Unidad 42: Temporada 1: La sangre y la virtud","25/8/19"
"Unidad 42: Temporada 1: Avatar","25/8/19"
"Unidad 42: Temporada 1: La fe y la ley","25/8/19"
"Unidad 42: Temporada 1: Cara a cara","25/8/19"
"Amigos de armas","23/8/19"
"Apache: La vida de Carlos Tevez: Temporada 1: 1984","19/8/19"
"Apache: La vida de Carlos Tevez: Temporada 1: El gran día","19/8/19"
"Apache: La vida de Carlos Tevez: Temporada 1: Las dos caras de una moneda","19/8/19"
"Apache: La vida de Carlos Tevez: Temporada 1: Dos madres, un acto de amor","19/8/19"
"Apache: La vida de Carlos Tevez: Temporada 1: El valor de la identidad","19/8/19"
"Apache: La vida de Carlos Tevez: Temporada 1: Un mundo nuevo, el origen","18/8/19"
"Apache: La vida de Carlos Tevez: Temporada 1: El legado","18/8/19"
"Apache: La vida de Carlos Tevez: Temporada 1: Entre el plomo y la desilusión","18/8/19"
"Sextillizos","17/8/19"
"Dark Net: La Red Oscura: Obsesión","12/8/19"
"La casa de papel: Parte 3: La deriva","19/7/19"
"La casa de papel: Parte 3: Pequeñas vacaciones","19/7/19"
"La casa de papel: Parte 3: Todo pareció insignificante","19/7/19"
"La casa de papel: Parte 3: Bum, bum, ciao","19/7/19"
"La casa de papel: Parte 3: La hora del delfín","19/7/19"
"La casa de papel: Parte 3: 48 metros bajo el suelo","19/7/19"
"La casa de papel: Parte 3: Aikido","19/7/19"
"La casa de papel: Parte 3: Hemos vuelto","19/7/19"
"La casa de papel: Parte 2: Episodio 1","19/7/19"
"Otro día para matar","18/7/19"
"Swiped","18/7/19"
"xXx: Reactivado","6/7/19"
"Mortal Kombat","30/6/19"
"House of Cards: Temporada 1: Capítulo 3","30/6/19"
"House of Cards: Temporada 6: Capítulo 66","30/6/19"
"Undercover: Operación éxtasis: Temporada 1: Campamento Zonnedauw","30/6/19"
"Spawn","30/6/19"
"Se dice de mí","30/6/19"
"Supercool","23/6/19"
"El mundo oculto de Sabrina: Parte 2: Capítulo veinte: El vals de Mefistófeles","19/6/19"
"El mundo oculto de Sabrina: Parte 2: Capítulo diecinueve: La mandrágora","18/6/19"
"El mundo oculto de Sabrina: Parte 2: Capítulo dieciocho: Los milagros de Sabrina Spellman","18/6/19"
"El mundo oculto de Sabrina: Parte 2: Capítulo diecisiete: Los misioneros","18/6/19"
"El mundo oculto de Sabrina: Parte 2: Capítulo dieciséis: Blackwood","18/6/19"
"El mundo oculto de Sabrina: Parte 2: Capítulo quince: La casa de terror del Dr. Cerberus","18/6/19"
"El mundo oculto de Sabrina: Parte 2: Capítulo catorce: Las Lupercales","18/6/19"
"El mundo oculto de Sabrina: Parte 2: Capítulo trece: La pasión de Sabrina Spellman","18/6/19"
"El mundo oculto de Sabrina: Parte 2: Capítulo doce: La epifanía","17/6/19"
"El mundo oculto de Sabrina: Parte 1: Capítulo once: Un cuento invernal","17/6/19"
"El mundo oculto de Sabrina: Parte 1: Capítulo diez: La hora de las brujas","17/6/19"
"El mundo oculto de Sabrina: Parte 1: Capítulo nueve: El resucitado","17/6/19"
"El mundo oculto de Sabrina: Parte 1: Capítulo ocho: El entierro","17/6/19"
"El mundo oculto de Sabrina: Parte 1: Capítulo siete: El Festín de los Festines","17/6/19"
"El mundo oculto de Sabrina: Parte 1: Capítulo seis: Exorcismo en Greendale","17/6/19"
"El mundo oculto de Sabrina: Parte 1: Capítulo cinco: Los sueños en la casa de la bruja","17/6/19"
"El mundo oculto de Sabrina: Parte 1: Capítulo cuatro: La academia de las brujas","17/6/19"
"El mundo oculto de Sabrina: Parte 1: Capítulo tres: El juicio de Sabrina Spellman","17/6/19"
"El mundo oculto de Sabrina: Parte 1: Capítulo dos: El bautismo oscuro","17/6/19"
"El mundo oculto de Sabrina: Parte 1: Capítulo uno: El país de octubre","17/6/19"
"Banking on Bitcoin","17/6/19"
"How to Sell Drugs Online (Fast): Temporada 1: Si eres el más listo de la habitación, te equivocaste de habitación","16/6/19"
"How to Sell Drugs Online (Fast): Temporada 1: Arriésgate en grande o no te arriesgues","16/6/19"
"How to Sell Drugs Online (Fast): Temporada 1: Si esta es la realidad, no me interesa","16/6/19"
"How to Sell Drugs Online (Fast): Temporada 1: El fracaso no es opción","15/6/19"
"How to Sell Drugs Online (Fast): Temporada 1: La vida no es justa, acostúmbrate a ello","15/6/19"
"Misterio a bordo","15/6/19"
"Oh, Ramona!","9/6/19"
"The Society: Temporada 1: Así pasa","30/5/19"
"The Society: Temporada 1: Nuevos nombres","30/5/19"
"The Society: Temporada 1: Veneno","30/5/19"
"The Society: Temporada 1: Las reglas de Allie","30/5/19"
"The Society: Temporada 1: Me pongo en su lugar","30/5/19"
"The Society: Temporada 1: Gota a gota","30/5/19"
"The Society: Temporada 1: Adiós a la inocencia","30/5/19"
"The Society: Temporada 1: Nuestro pueblo","30/5/19"
"The Society: Temporada 1: Lo que pasó","30/5/19"
"Red social","26/5/19"
"Dinastía: Temporada 2: Engaños, celos y mentiras","26/5/19"
"Dinastía: Temporada 2: Más fuerte que el dinero","19/5/19"
"Dinastía: Temporada 2: Una nueva señora en la ciudad","19/5/19"
"Dinastía: Temporada 2: Esta enfermedad que tengo","19/5/19"
"Dinastía: Temporada 2: La vida es una mascarada","17/5/19"
"Dinastía: Temporada 2: Reina de copas","17/5/19"
"Dinastía: Temporada 2: Copos de nieve en el infierno","17/5/19"
"Dinastía: Temporada 2: Fue el mayordomo","17/5/19"
"Dinastía: Temporada 2: Barco de víboras","17/5/19"
"Dinastía: Temporada 2: Todo debe terminar","16/5/19"
"Lucifer: Temporada 4: ¿Quién es el nuevo rey del infierno?","9/5/19"
"Lucifer: Temporada 4: Salvar a Lucifer","9/5/19"
"Lucifer: Temporada 4: El peor novio","9/5/19"
"Lucifer: Temporada 4: Diablo es el que hace diabluras","9/5/19"
"Lucifer: Temporada 4: Des-vestido para la orgía","9/5/19"
"Lucifer: Temporada 4: Con fecha de expiración","9/5/19"
"Lucifer: Temporada 4: Todo por Eva","9/5/19"
"Lucifer: Temporada 4: Hombres de poca fe, padre","9/5/19"
"Lucifer: Temporada 4: Alguien ha estado leyendo el Infierno de Dante","8/5/19"
"Lucifer: Temporada 4: Todo está bien","8/5/19"
"House of Cards: Temporada 1: Capítulo 2","1/5/19"
"House of Cards: Temporada 1: Capítulo 1","1/5/19"
"Little Baby Bum: Amigos de canciones de cuna: Temporada 1: Las mejores canciones de cuna (Volumen 1)","28/4/19"
"Batman: Mala sangre","28/4/19"
"Mickey celebra la Navidad","28/4/19"
"Arenas movedizas: Temporada 1: Los testigos","21/4/19"
"Arenas movedizas: Temporada 1: El juicio","21/4/19"
"Arenas movedizas: Temporada 1: La reconstrucción","21/4/19"
"Arenas movedizas: Temporada 1: El funeral","20/4/19"
"Arenas movedizas: Temporada 1: Detenida","20/4/19"
"Arenas movedizas: Temporada 1: Maja","20/4/19"
"¿A quién te llevarías a una isla desierta?","20/4/19"
"La cita perfecta","19/4/19"
"Tienda de unicornios","7/4/19"
"Emboscada final","2/4/19"
"Triple frontera","27/3/19"
"Viviendo con mi ex","11/3/19"
"Lucifer: Temporada 3: Un diablo de palabra","10/3/19"
"Budapest","10/3/19"
"¿No es romántico?","4/3/19"
"La guía de historia negra de Kevin Hart","27/2/19"
"El protegido","27/2/19"
"Sex Education: Temporada 1: Episodio 8","23/2/19"
"Sex Education: Temporada 1: Episodio 7","23/2/19"
"Sex Education: Temporada 1: Episodio 6","23/2/19"
"Sex Education: Temporada 1: Episodio 5","23/2/19"
"Sex Education: Temporada 1: Episodio 4","23/2/19"
"Sex Education: Temporada 1: Episodio 3","23/2/19"
"La gran apuesta","23/2/19"
"Sex Education: Temporada 1: Episodio 2","22/2/19"
"Sex Education: Temporada 1: Episodio 1","22/2/19"
"Harry Potter y las Reliquias de la Muerte: Parte 1","1/2/19"
"You: Temporada 1: El castillo de Barba Azul","28/1/19"
"You: Temporada 1: Candace","28/1/19"
"You: Temporada 1: Soy tuyo","28/1/19"
"You: Temporada 1: Todalidad","27/1/19"
"You: Temporada 1: Amour fou","27/1/19"
"You: Temporada 1: Viviendo con el enemigo","27/1/19"
"You: Temporada 1: El Capitán","27/1/19"
"You: Temporada 1: Tal vez","27/1/19"
"You: Temporada 1: El último tipo agradable de Nueva York","27/1/19"
"You: Temporada 1: Piloto","27/1/19"
"Polar","27/1/19"
"Marvel - The Punisher: Temporada 2: La tempestad","25/1/19"
"Marvel - The Punisher: Temporada 2: Rumbo de colisión","25/1/19"
"Marvel - The Punisher: Temporada 2: El abismo","25/1/19"
"Marvel - The Punisher: Temporada 2: Las tinieblas del pasado","25/1/19"
"Marvel - The Punisher: Temporada 2: Ellos o nosotros","25/1/19"
"Marvel - The Punisher: Temporada 2: El guardián de mi hermano","23/1/19"
"Marvel - The Punisher: Temporada 2: Mal día","23/1/19"
"Marvel - The Punisher: Temporada 2: Nakazat","22/1/19"
"Marvel - The Punisher: Temporada 2: Cuidado con las jotas","21/1/19"
"Marvel - The Punisher: Temporada 2: Luchar o correr","20/1/19"
"Marvel - The Punisher: Temporada 2: Agitar el agua","20/1/19"
"Marvel - The Punisher: Temporada 2: Roadhouse Blues","19/1/19"
"El Potro, lo mejor del amor","18/1/19"
"Los estafadores","6/1/19"
"Negocios fuera de control","6/1/19"
"Falsa identidad","6/1/19"
"Venganza del más allá","2/1/19"
"The Seven Deadly Sins: Prisioneros del cielo","2/1/19"
"Mala hierba","30/12/18"
"Dirty Money: Temporada 1: Día de pago","30/12/18"
"Nicky Jam: El Ganador: Temporada 1: Dímelo, papi, llegamos al Choli","25/12/18"
"Nicky Jam: El Ganador: Temporada 1: Un pastel","25/12/18"
"Nicky Jam: El Ganador: Temporada 1: Ave fénix","25/12/18"
"Nicky Jam: El Ganador: Temporada 1: Cold Turkey","25/12/18"
"Nicky Jam: El Ganador: Temporada 1: Medellín","25/12/18"
"Nicky Jam: El Ganador: Temporada 1: El futuro es paisa","25/12/18"
"Nicky Jam: El Ganador: Temporada 1: El origen","25/12/18"
"Nicky Jam: El Ganador: Temporada 1: Vida escante","25/12/18"
"Nicky Jam: El Ganador: Temporada 1: El infiltrado","24/12/18"
"Nicky Jam: El Ganador: Temporada 1: En la cama","24/12/18"
"Nicky Jam: El Ganador: Temporada 1: Con el micrófono y la forty","22/12/18"
"Nicky Jam: El Ganador: Temporada 1: Escape a Nueva Yol","20/12/18"
"Nicky Jam: El Ganador: Temporada 1: Los Cangris","20/12/18"
"EL ESPECIALISTA: RESURRECCIÓN","16/12/18"
"La noche anterior","2/12/18"
"The Fundamentals of Caring","2/12/18"
"The Late Bloomer","2/12/18"
"Narcos: México: Temporada 1: El Padrino","19/11/18"
"Narcos: México: Temporada 1: El sistema de plazas","18/11/18"
"Narcos: México: Temporada 1: Camelot","18/11/18"
"The Seven Deadly Sins: Resurrección de los Diez Mandamientos: Mientras estés aquí","11/11/18"
"The Seven Deadly Sins: Resurrección de los Diez Mandamientos: ¡El héroe se levanta!","10/11/18"
"The Seven Deadly Sins: Resurrección de los Diez Mandamientos: El regreso de los pecadores","10/11/18"
"The Seven Deadly Sins: Resurrección de los Diez Mandamientos: Una cierta calidez","10/11/18"
"The Seven Deadly Sins: Resurrección de los Diez Mandamientos: Ten esperanza","10/11/18"
"The Seven Deadly Sins: Resurrección de los Diez Mandamientos: Meliodas contra los Diez Mandamientos","10/11/18"
"The Seven Deadly Sins: Resurrección de los Diez Mandamientos: ¿Por quién brilla esa luz?","10/11/18"
"The Seven Deadly Sins: Resurrección de los Diez Mandamientos: Figuras legendarias","10/11/18"
"The Seven Deadly Sins: Resurrección de los Diez Mandamientos: El laberinto de trampas mortales","10/11/18"
"The Seven Deadly Sins: Resurrección de los Diez Mandamientos: Una confesión escalofriante","10/11/18"
"The Seven Deadly Sins: Resurrección de los Diez Mandamientos: Maestro del sol","10/11/18"
"The Seven Deadly Sins: Resurrección de los Diez Mandamientos: Adiós, querido ladrón","10/11/18"
"The Seven Deadly Sins: Resurrección de los Diez Mandamientos: Donde se encuentra el amor","10/11/18"
"The Seven Deadly Sins: Resurrección de los Diez Mandamientos: Padre e hijo","10/11/18"
"The Seven Deadly Sins: Resurrección de los Diez Mandamientos: Lo que no teníamos","10/11/18"
"The Seven Deadly Sins: Resurrección de los Diez Mandamientos: Una promesa a un ser amado","10/11/18"
"The Seven Deadly Sins: Resurrección de los Diez Mandamientos: La tierra sagrada de los druidas","10/11/18"
"The Seven Deadly Sins: Resurrección de los Diez Mandamientos: Adonde llevan los recuerdos","10/11/18"
"The Seven Deadly Sins: Resurrección de los Diez Mandamientos: El Gran Maestro paga sus pecados","10/11/18"
"The Seven Deadly Sins: Resurrección de los Diez Mandamientos: Violencia avasallante","10/11/18"
"The Seven Deadly Sins: Resurrección de los Diez Mandamientos: Los Diez Mandamientos avanzan","9/11/18"
"The Seven Deadly Sins: Resurrección de los Diez Mandamientos: El tesoro sagrado de Lostvayne","9/11/18"
"The Seven Deadly Sins: Resurrección de los Diez Mandamientos: Existencia y evidencia","9/11/18"
"The Seven Deadly Sins: Los indicios de la Guerra Santa: Empieza el sueño sombrío","8/11/18"
"The Seven Deadly Sins: Los Siete Pecados Capitales: Los héroes","8/11/18"
"The Seven Deadly Sins: Los Siete Pecados Capitales: Los Siete Pecados Capitales","8/11/18"
"Dirty Money: Temporada 1: NOx duro","15/10/18"
"La iniciación","12/10/18"
"Élite: Temporada 1: Assilah","10/10/18"
"Élite: Temporada 1: Bienvenidos","10/10/18"
"Élite: Temporada 1: Todo estalla","9/10/18"
"Élite: Temporada 1: Todo va a salir bien","9/10/18"
"Élite: Temporada 1: Todos mienten","9/10/18"
"Élite: Temporada 1: El amor es una droga","9/10/18"
"Élite: Temporada 1: Sábado noche","8/10/18"
"Élite: Temporada 1: Deseo","8/10/18"
"Casa de playa estadounidense","7/10/18"
"La herencia del señor Deeds","28/9/18"
"El marginal: Temporada 1: Capítulo 9","28/9/18"
"No robarás en domingo","22/9/18"
"Boca Juniors Confidencial: Temporada 1: La mitad + 1","17/9/18"
"Sierra Burgess es una loser","17/9/18"
"30 minutos o menos","16/9/18"
"The After Party","25/8/18"
"Un Chofer en Apuros","25/8/18"
"Hagamos una orgía","18/8/18"
"Toma la 10","18/8/18"
"El paquete","16/8/18"
"Juego de honor","11/8/18"
"El marginal: Temporada 1: Capítulo 8","10/8/18"
"El marginal: Temporada 1: Capítulo 7","10/8/18"
"El marginal: Temporada 1: Capítulo 6","10/8/18"
"El marginal: Temporada 1: Capítulo 5","10/8/18"
"El marginal: Temporada 1: Capítulo 4","10/8/18"
"El marginal: Temporada 1: Capítulo 3","10/8/18"
"El marginal: Temporada 1: Capítulo 2","10/8/18"
"El marginal: Temporada 1: Capítulo 1","10/8/18"
"El Chapo: Temporada 3: Episodio 13","8/8/18"
"El Chapo: Temporada 3: Episodio 12","8/8/18"
"El Chapo: Temporada 3: Episodio 11","8/8/18"
"El Chapo: Temporada 3: Episodio 10","8/8/18"
"El Chapo: Temporada 3: Episodio 9","7/8/18"
"El Chapo: Temporada 3: Episodio 8","7/8/18"
"El Chapo: Temporada 3: Episodio 7","7/8/18"
"El Chapo: Temporada 3: Episodio 6","7/8/18"
"El Chapo: Temporada 3: Episodio 5","6/8/18"
"El Chapo: Temporada 3: Episodio 4","6/8/18"
"El Chapo: Temporada 3: Episodio 3","6/8/18"
"El Chapo: Temporada 3: Episodio 2","6/8/18"
"El Chapo: Temporada 3: Episodio 1","6/8/18"
"Papás con honores","28/7/18"
"El marginal: Temporada 1: Capítulo 13","25/7/18"
"El marginal: Temporada 1: Capítulo 12","23/7/18"
"La jefa","19/7/18"
"Sin límites: Temporada 1: ¡Final! (Parte 2)","18/7/18"
"Sin límites: Temporada 1: ¡Final! (Parte 1)","18/7/18"
"Sin límites: Temporada 1: Hola, me llamo Rebecca Harris...","18/7/18"
"Sin límites: Temporada 1: El desayuno de un perro","18/7/18"
"Sin límites: Temporada 1: Bezgranichnyy","18/7/18"
"Sin límites: Temporada 1: Encuentros","18/7/18"
"Sin límites: Temporada 1: Sands, agente de Morra","18/7/18"
"Sin límites: Temporada 1: ¡Infiltrado!","17/7/18"
"Sin límites: Temporada 1: Los fundamentos del arte de retratar desnudos","17/7/18"
"Sin límites: Temporada 1: Deténganme antes de que abrace otra vez","17/7/18"
"Sin límites: Temporada 1: El asesinato de Eddie Morra","17/7/18"
"Sin límites: Temporada 1: Aquí tienes a Brian puesto de drogas","17/7/18"
"Sin límites: Temporada 1: Brad-zilla","17/7/18"
"Sin límites: Temporada 1: ¡Sede central!","17/7/18"
"Sin límites: Temporada 1: Cuando los piratas piratean a los piratas","17/7/18"
"Sin límites: Temporada 1: La operación encubierta de Brian Finch","17/7/18"
"Sin límites: Temporada 1: Los efectos secundarios pueden incluir","17/7/18"
"Sin límites: Temporada 1: Crisis de personalidad","17/7/18"
"Sin límites: Temporada 1: Página 44","17/7/18"
"Sin límites: Temporada 1: La leyenda de Marco Ramos","17/7/18"
"Sin límites: Temporada 1: Piloto","17/7/18"
"Sin límites: Temporada 1: ¡Placa! ¡Arma!","16/7/18"
"Luis Miguel - La serie: Temporada 1: No me puedes dejar así","16/7/18"
"Luis Miguel - La serie: Temporada 1: No me platiques más","16/7/18"
"Zoolander 2","15/7/18"
"Sherlock: Temporada 4: The Final Problem","14/7/18"
"Sherlock: Temporada 4: El detective mentiroso","13/7/18"
"Sherlock: Temporada 4: Las seis Thatchers","11/7/18"
"Sherlock: Temporada 1: Estudio en rosa","11/7/18"
"Marvel - Luke Cage: Temporada 2: They Reminisce Over You","9/7/18"
"Marvel - Luke Cage: Temporada 2: Can't Front On Me","9/7/18"
"Marvel - Luke Cage: Temporada 2: The Creator","9/7/18"
"Marvel - Luke Cage: Temporada 2: The Main Ingredient","9/7/18"
"Marvel - Luke Cage: Temporada 2: For Pete's Sake","9/7/18"
"Marvel - Luke Cage: Temporada 2: If It Ain't Rough, It Ain't Right","9/7/18"
"Marvel - Luke Cage: Temporada 2: On and On","9/7/18"
"Marvel - Luke Cage: Temporada 2: The Basement","9/7/18"
"Marvel - Luke Cage: Temporada 2: All Souled Out","9/7/18"
"Marvel - Luke Cage: Temporada 2: I Get Physical","9/7/18"
"Marvel - Luke Cage: Temporada 2: Wig Out","9/7/18"
"Marvel - Luke Cage: Temporada 2: Straighten It Out","9/7/18"
"Marvel - Luke Cage: Temporada 2: Soul Brother #1","9/7/18"
"Mi segunda vez","8/7/18"
"Secretos de una pasión","5/7/18"
"Walt, el soñador","27/6/18"
"Una mente brillante","25/6/18"
" : Episodio 9","10/6/18"
" : Episodio 8","10/6/18"
" : Episodio 7","10/6/18"
" : Episodio 6","10/6/18"
" : Episodio 5","10/6/18"
" : Episodio 4","10/6/18"
" : Episodio 2","10/6/18"
" : Episodio 12","9/6/18"
" : Episodio 11","9/6/18"
" : Episodio 10","9/6/18"
"El código enigma","25/5/18"
"13 Reasons Why: Temporada 2: La primera Polaroid","25/5/18"
"13 Reasons Why: Temporada 1: Casete siete, lado A","24/5/18"
"13 Reasons Why: Temporada 1: Casete tres, lado A","24/5/18"
"13 Reasons Why: Temporada 1: Casete dos, lado B","24/5/18"
"13 Reasons Why: Temporada 1: Casete dos, lado A","23/5/18"
"13 Reasons Why: Temporada 1: Casete uno, lado B","23/5/18"
"13 Reasons Why: Temporada 1: Casete uno, lado A","23/5/18"
"Novato","21/5/18"
"El stand de los besos","20/5/18"
"Dinastía: Temporada 1: Desde cero","15/5/18"
"Bienvenido a los 40","13/5/18"
"Hambre de poder","12/5/18"
"Chappie","11/5/18"
"Más de mil palabras","9/5/18"
"Watchmen - Los vigilantes","9/5/18"
"Norbit","6/5/18"
"InAPPropriate Comedy","4/5/18"
"¿Te acuerdas de anoche?","4/5/18"
"No soy un hombre fácil","4/5/18"
"Guardianes de la galaxia","3/5/18"
"La peor semana","30/4/18"
"XOXO: La fiesta interminable","8/4/18"
"Game Over, Man!","8/4/18"
"Verónica","2/4/18"
"Alquiler de padrinos","1/4/18"
"La casa de papel: Parte 1: Episodio 13","25/2/18"
"La casa de papel: Parte 1: Episodio 12","25/2/18"
"La casa de papel: Parte 1: Episodio 11","25/2/18"
"La casa de papel: Parte 1: Episodio 10","25/2/18"
"La casa de papel: Parte 1: Episodio 9","25/2/18"
"La casa de papel: Parte 1: Episodio 8","25/2/18"
"La casa de papel: Parte 1: Episodio 7","25/2/18"
"La casa de papel: Parte 1: Episodio 6","25/2/18"
"La casa de papel: Parte 1: Episodio 5","25/2/18"
"La casa de papel: Parte 1: Episodio 4","24/2/18"
"La casa de papel: Parte 1: Episodio 3","23/2/18"
"La casa de papel: Parte 1: Episodio 2","23/2/18"
"La casa de papel: Parte 1: Episodio 1","23/2/18"
"Los indestructibles 3","18/2/18"
"Mentes maestras","18/2/18"
"Steve Jobs","18/2/18"
"Cuando nos conocimos","18/2/18"
"Ese es mi hijo","13/2/18"
"Lucifer: Temporada 1: Regrésame al Infierno","11/2/18"
"Lucifer: Temporada 1: #EquipoLucifer","11/2/18"
"Lucifer: Temporada 1: San Lucifer","11/2/18"
"Lucifer: Temporada 1: Papi","11/2/18"
"Lucifer: Temporada 1: Un padre entra a un bar","11/2/18"
"Lucifer: Temporada 1: ¿Et tu, doctor?","11/2/18"
"Lucifer: Temporada 1: Compañero alado","11/2/18"
"Lucifer: Temporada 1: Hijo favorito","11/2/18"
"Lucifer: Temporada 1: Lindos zapatos","11/2/18"
"Lucifer: Temporada 1: Cosas de hombres","11/2/18"
"Lucifer: Temporada 1: El presunto Príncipe de las Tinieblas","11/2/18"
"Lucifer: Temporada 1: Quieto, Lucifer. Buen diablo.","11/2/18"
"Lucifer: Temporada 1: Piloto","11/2/18"
"Corazón de león","9/2/18"
"Desearás al hombre de tu hermana","4/2/18"
"Mississippi Grind","4/2/18"
"Liberated: The New Sexual Revolution","4/2/18"
"El Chapo: Temporada 2: Episodio 12","18/1/18"
"El Chapo: Temporada 1: Episodio 1","18/1/18"
"El Chapo: Temporada 2: Episodio 11","17/1/18"
"El Chapo: Temporada 2: Episodio 10","17/1/18"
"El Chapo: Temporada 2: Episodio 9","11/1/18"
"El Chapo: Temporada 2: Episodio 8","11/1/18"
"El Chapo: Temporada 2: Episodio 7","11/1/18"
"El Chapo: Temporada 2: Episodio 6","11/1/18"
"El Chapo: Temporada 2: Episodio 5","11/1/18"
"El Chapo: Temporada 2: Episodio 4","11/1/18"
"El Chapo: Temporada 2: Episodio 3","11/1/18"
"El Chapo: Temporada 2: Episodio 2","11/1/18"
"El Chapo: Temporada 2: Episodio 1","11/1/18"
"El Chapo: Temporada 1: Episodio 9","10/1/18"
"El Chapo: Temporada 1: Episodio 8","10/1/18"
"El Chapo: Temporada 1: Episodio 7","10/1/18"
"El Chapo: Temporada 1: Episodio 6","9/1/18"
"El Chapo: Temporada 1: Episodio 5","8/1/18"
"El Chapo: Temporada 1: Episodio 4","8/1/18"
"El Chapo: Temporada 1: Episodio 3","8/1/18"
"El Puntero: Season 1: Episodio 1","1/1/18"
"Bright","25/12/17"
"Música, amigos y fiesta","21/12/17"
" : Episodio 3","3/12/17"
"El Chapo: Temporada 1: Episodio 2","2/12/17"
"¿Qué culpa tiene el niño?","29/11/17"
"Need for Speed: La película","28/11/17"
"Marvel - Daredevil: Temporada 2: Semper fidelis","25/11/17"
"Marvel - Daredevil: Temporada 2: Solo remordimientos","25/11/17"
"Marvel - Daredevil: Temporada 1: La iniciación","25/11/17"
"El sorprendente Hombre-Araña 2: La amenaza de Electro","25/11/17"
"Cantantes En Guerra","23/11/17"
"Marvel - The Punisher: Temporada 1: Memento mori","21/11/17"
"Marvel - The Punisher: Temporada 1: Hogar","21/11/17"
"Marvel - The Punisher: Temporada 1: Precaución extrema","21/11/17"
"Marvel - The Punisher: Temporada 1: La virtud de los depravados","21/11/17"
"Marvel - The Punisher: Temporada 1: Este lado hacia el enemigo","21/11/17"
"Marvel - The Punisher: Temporada 1: Acero frío","21/11/17"
"Marvel - The Punisher: Temporada 1: En la mira","20/11/17"
"Marvel - The Punisher: Temporada 1: La cabra de Judas","20/11/17"
"Marvel - The Punisher: Temporada 1: Gunner","20/11/17"
"Marvel - The Punisher: Temporada 1: Suministros","20/11/17"
"Marvel - The Punisher: Temporada 1: Kandahar","20/11/17"
"Marvel - The Punisher: Temporada 1: Dos hombres muertos","20/11/17"
"Marvel - The Punisher: Temporada 1: 3 a. m.","20/11/17"
"Dragon Ball Z: La Batalla de los Dioses","13/11/17"
"Flash: Temporada 3: Línea final","7/11/17"
"Flash: Temporada 3: Calle Infantino","7/11/17"
" : Episodio 1","6/11/17"
"Naruto Shippuden: Temporada 5: Un lugar al cual regresar","6/11/17"
"Naruto Shippuden: Temporada 5: La promesa rota","6/11/17"
"Naruto Shippuden: Temporada 5: Un recuerdo culposo","6/11/17"
"Naruto Shippuden: Temporada 5: El contraataque de la marca de maldición","6/11/17"
"Naruto Shippuden: Temporada 5: La guía de la camelia","5/11/17"
"Naruto Shippuden: Temporada 5: Una asociación extraña","5/11/17"
"Naruto Shippuden: Temporada 5: Camelia roja","5/11/17"
"Naruto Shippuden: Temporada 5: La batalla sobre la barrera","5/11/17"
"Naruto Shippuden: Temporada 5: Rompiendo el estilo de cristal","5/11/17"
"Naruto Shippuden: Temporada 5: La barrera de sello de cuatro esquinas","5/11/17"
"Naruto Shippuden: Temporada 5: ¡Reagrupamiento!","5/11/17"
"Naruto Shippuden: Temporada 5: Los sentimientos de todos","5/11/17"
"Naruto Shippuden: Temporada 5: Dentro de la niebla","5/11/17"
"Naruto Shippuden: Temporada 5: La enfurecida bestia con cola","5/11/17"
"Naruto Shippuden: Temporada 5: El objetivo aparece","5/11/17"
"Naruto Shippuden: Temporada 5: El laberinto de reflejos distorsionados","5/11/17"
"Naruto Shippuden: Temporada 5: El enemigo invisible","5/11/17"
"Naruto Shippuden: Temporada 5: Los dos amuletos","5/11/17"
"Naruto Shippuden: Temporada 5: Una noche de lluvia","5/11/17"
"Naruto Shippuden: Temporada 5: Corazones conectados","4/11/17"
"Naruto Shippuden: Temporada 5: Encuentro","2/11/17"
"Naruto Shippuden: Temporada 5: El escondite de Orochimaru al descubierto","2/11/17"
"Naruto Shippuden: Temporada 5: La determinación de un shinobi","2/11/17"
"Naruto Shippuden: Temporada 4: Cuando maldices a alguien, cavas tu propia tumba","2/11/17"
"Naruto Shippuden: Temporada 4: El genio de Shikamaru","28/10/17"
"Naruto Shippuden: Temporada 4: Terrible secreto","27/10/17"
"Naruto Shippuden: Temporada 4: Las habilidades de Kakuzu","27/10/17"
"Naruto Shippuden: Temporada 4: Blanco en la mira","27/10/17"
"Naruto Shippuden: Temporada 2: Las lágrimas de Sakura","27/10/17"
"NARUTO: Temporada 2: Ebisu Returns: Naruto's Toughest Training Yet!","27/10/17"
"NARUTO: Temporada 1: Enter: Naruto Uzumaki!","27/10/17"
"La niñera","16/10/17"
"El sueño de Walt","16/10/17"
"Hacker: Amenaza en la red","15/10/17"
"Naruto Shippuden: Temporada 2: Orochimaru contra el Jinchuriki","8/10/17"
"Naruto Shippuden: Temporada 2: La misión ultrasecreta comienza","8/10/17"
"Naruto Shippuden: Temporada 2: El poder de las nueve colas liberado","8/10/17"
"Naruto Shippuden: Temporada 2: El puente Tenchi","8/10/17"
"Naruto Shippuden: Temporada 2: Una adición innecesaria","8/10/17"
"Naruto Shippuden: Temporada 2: Formación, el nuevo equipo Kakashi","8/10/17"
"Naruto Shippuden: Temporada 2: El nuevo objetivo","8/10/17"
"Naruto Shippuden: Temporada 1: El regreso del Kazekage","8/10/17"
"Naruto Shippuden: Temporada 1: El legado","8/10/17"
"Naruto Shippuden: Temporada 1: Las habilidades secretas de Chiyo","8/10/17"
"Naruto Shippuden: Temporada 1: El verdadero rostro de Sasori","8/10/17"
"Naruto Shippuden: Temporada 1: Hiruko contra las dos kunoichi","8/10/17"
"Naruto Shippuden: Temporada 1: Trampas activadas, los enemigos del equipo Guy","8/10/17"
"Naruto Shippuden: Temporada 1: Cambio de táctica, entrada de gancho","8/10/17"
"Naruto Shippuden: Temporada 1: La muerte de Gaara","8/10/17"
"Naruto Shippuden: Temporada 1: Entra en acción el equipo Kakashi","8/10/17"
"Naruto Shippuden: Temporada 1: Corre, Kankuro","8/10/17"
"Naruto Shippuden: Temporada 1: Misión cumplida","8/10/17"
"Naruto Shippuden: Temporada 1: El Kazekage se mantiene en pie","8/10/17"
"Naruto Shippuden: Temporada 1: El Jinchuriki de la arena","8/10/17"
"Naruto Shippuden: Temporada 1: El resultado del entrenamiento","8/10/17"
"Naruto Shippuden: Temporada 1: El primer movimiento de los Akatsuki","8/10/17"
"Naruto Shippuden: Temporada 1: De vuelta a casa","8/10/17"
"Ted 2","25/9/17"
"Steve Jobs: The Lost Interview","24/9/17"
"Fumados: Parte 1: Cepa Omega","1/9/17"
"Death Note","25/8/17"
"Marvel's Agent Carter: Temporada 1: Ahora no es el fin","13/8/17"
"Desnudo","13/8/17"
"Hancock","5/8/17"
"Capitán América: El primer vengador","1/8/17"
"Cocaine: Temporada 1: Episodio 1","30/7/17"
"Un tango más","30/7/17"
"El lobo de Wall Street","11/7/17"
"We Are Legion: The Story of the Hacktivists","9/7/17"
"Hot Girls Wanted","30/6/17"
"La Fraternidad","28/6/17"
"Sandy Wexler","25/6/17"
"50 sombras negras","20/6/17"
"La peor noche de mi vida","20/6/17"
"El sultán: Temporada 1: Episodio 48","20/6/17"
"Piratas del Caribe: Navegando aguas misteriosas","20/6/17"
"Flash: Temporada 2: La carrera de su vida","20/6/17"
